geoid,congdist
4530218,10
2010712,10
1210408,26
4530210,10
850054,3
294180,21
292088,20
4770205,10
294093,21
291098,20
294101,20
293098,23
294098,21
291051,23
291036,20
291005,20
292005,20
293140,20
292040,20
293040,21
291010,20
294036,21
292125,20
293125,21
291018,23
292018,20
293018,21
291041,23
292054,20
293016,23
292081,20
294081,21
291072,20
292049,20
293072,20
294072,23
292020,20
293020,21
294020,23
294092,20
292113,20
293100,21
294113,21
293097,21
294097,21
291035,20
291108,20
293131,21
294144,20
293129,23
293027,20
294152,20
292139,20
293175,21
294052,20
294124,23
292131,20
292080,20
294055,21
294109,20
291054,23
293054,20
294054,21
291097,20
293084,21
294084,21
294104,21
292134,20
292082,20
292039,20
291009,20
291012,20
291034,23
291060,23
293034,21
293128,21
294128,21
291017,20
292017,20
293004,20
293019,20
294019,23
292051,20
293123,20
292077,20
291022,23
293035,20
291014,20
292014,20
293014,20
294014,20
294053,20
292108,20
293108,21
294108,21
291053,23
291040,23
292053,20
294066,21
291071,20
292071,20
293048,21
291038,20
291107,23
292107,20
293107,20
294107,20
291079,20
292079,20
293079,21
294079,21
291033,20
293033,21
293112,21
293156,20
294156,20
294149,20
294111,20
292138,20
293138,21
294174,21
293159,20
291052,23
292052,20
293169,20
294169,20
292137,20
293137,21
291102,23
294102,20
292096,20
293083,21
294083,21
293141,20
291067,20
292067,20
293067,20
291032,20
292032,20
293032,20
292117,21
291003,20
292016,20
293003,20
294003,20
291047,23
292047,20
293047,21
291021,23
294034,21
294151,20
293051,23
294051,20
293136,20
291065,23
294065,20
291070,20
292070,20
294027,20
294070,21
292066,23
293106,23
292031,20
293031,20
291078,20
293078,21
294078,21
293116,20
291111,20
293124,21
294137,28
293120,21
293155,20
294155,20
291046,23
294160,21
292050,20
293050,21
294050,20
293135,20
293168,20
294168,20
293101,23
294142,20
292095,21
293082,21
292143,20
294143,20
293030,23
292115,20
293115,21
294115,21
293154,21
294154,20
292045,20
293045,23
291015,20
292015,20
293015,20
294002,20
293171,21
291020,23
292046,20
293046,21
294033,21
294096,20
291062,23
294062,23
291028,20
292028,20
293077,21
294077,21
293119,21
291064,23
292064,20
291059,23
294064,20
294059,20
291105,23
292105,20
293105,21
294105,21
291049,23
293010,20
293065,20
294153,21
291110,20
292136,20
291044,23
292140,20
293118,21
294118,21
294138,20
292141,20
293167,20
294141,20
293064,20
294172,21
293133,21
294133,23
292068,20
293068,21
294068,21
291063,23
292063,23
293063,21
291081,23
292094,21
293081,21
294094,21
291048,23
292048,20
294048,20
293152,20
292089,20
293089,21
294089,21
291086,20
292086,20
293086,21
291043,20
292043,20
293043,23
292119,20
292056,20
294056,21
292001,20
294057,21
293132,21
294184,20
294130,21
291045,23
292009,20
293009,20
294032,23
293161,21
293134,23
292062,20
293062,20
291050,23
292076,20
293076,23
294063,20
293162,21
291058,23
292058,20
293013,21
291104,20
292104,20
293117,21
291077,20
291042,23
292042,20
293042,21
292127,20
292111,20
293111,21
294166,20
293166,20
291016,23
292087,20
293066,20
291057,23
292057,20
293148,21
294171,21
291113,20
291061,23
292061,20
294061,20
294179,21
291089,23
291093,20
292012,20
293012,21
294080,20
291084,20
291076,20
291088,20
294088,20
293074,23
293130,21
294103,20
292084,20
291056,23
292013,20
293026,21
294013,20
294167,21
292044,20
293044,21
294031,21
294060,20
292103,20
293103,21
292145,20
293145,20
291039,20
292075,20
293039,21
291011,20
292011,20
293011,21
291083,20
292083,20
291103,20
292116,20
292074,20
294116,21
292106,20
292100,20
294100,21
291075,23
293147,20
294121,23
294164,21
293139,20
294076,20
291055,20
294165,21
292022,20
293149,23
294022,20
293170,20
294170,20
293075,21
293144,21
291066,23
293151,20
291087,20
292010,20
293087,21
291092,20
292092,20
293092,21
294074,23
291026,20
292026,20
294026,23
293058,23
294058,21
292133,20
292059,20
294025,23
291007,20
292007,20
294148,20
291025,23
292025,20
293025,21
294012,21
294182,20
293005,21
292030,20
294030,21
291074,23
293038,21
294038,21
292073,20
293073,23
292029,20
294029,21
291069,20
292069,20
293069,21
294069,21
292102,20
293102,21
294173,21
294016,20
291024,20
292024,20
293024,21
294024,23
294162,21
293174,23
292120,20
294146,20
293049,21
294049,20
294175,20
294120,21
293113,21
292128,20
293164,21
294177,23
294176,21
291004,20
292004,20
292142,20
293142,23
292027,20
291080,20
292072,20
293080,21
294086,23
293028,21
294028,23
293157,21
294157,20
291091,23
292091,20
293091,21
291023,20
292023,20
293023,20
294023,23
294161,20
291099,20
293126,20
293099,23
291095,20
293095,23
294095,20
292008,20
293008,20
291006,20
292006,20
293006,21
292003,20
291037,20
292037,20
293037,23
294037,21
294181,20
291019,23
292019,20
293055,21
294042,20
293071,21
291073,23
292060,20
293060,21
294073,23
292099,23
292114,20
294114,20
291068,20
293160,20
291101,23
292101,23
293127,23
291094,23
293094,23
291109,20
294145,20
291002,20
292002,20
293002,20
293163,23
294150,20
292041,20
293041,21
292126,20
293158,21
294158,20
293070,21
294099,20
292112,20
293017,23
291085,20
292085,20
294085,21
292021,20
294021,20
293096,23
292090,20
294090,20
292093,20
293093,23
130002,23
130013,28
130020,28
130009,28
130017,28
130012,23
130022,23
130005,23
130023,23
130016,28
130010,23
130024,23
130007,23
130011,15
130001,28
130015,28
130008,28
3870013,4
3870020,4
3870009,4
3870017,4
3870021,4
3870004,4
3870028,4
3870011,4
3870005,4
3870029,4
3870030,4
3870019,4
3870010,4
3870031,4
3870007,4
3870027,4
2190014,19
2190022,19
2190044,19
2190036,19
2190024,19
2190021,19
2190033,19
2270033,19
2270013,19
2270011,19
2270406,19
2270012,19
2270104,11
2270404,19
2270407,19
2270035,19
2270042,19
2270105,11
2270022,19
2270304,11
2270408,11
2270207,11
2270103,11
227207C,19
2270016,19
2270044,19
2270409,19
2270405,19
2270208,11
2270014,19
2270045,19
2270046,19
2270026,19
277001H,4
277004F,4
2774A6E,4
277001I,4
277004C,4
277002G,4
277003D,4
277001G,4
277002F,4
277003E,4
277002H,4
277004G,4
277003F,4
277003G,4
2773C7G,4
277001B,4
277004D,4
277002D,4
277004E,4
277004B,4
2450113,2
2450100,2
2450066,2
2450036,2
2450023,2
2450010,2
2450114,2
2450015,2
2450002,2
2450006,2
2450086,2
2450067,2
2450094,7
2450012,2
2450093,2
2450080,2
2450084,2
2450079,2
2450072,2
2450063,2
2450050,2
2450054,2
2450110,2
2450089,2
2450019,2
2450024,2
2450011,2
2450016,2
2450003,2
2450007,2
2450106,2
2450020,2
2450108,2
2450088,2
2450009,2
2450085,2
2450073,2
2450077,2
2450064,2
2450028,2
2450107,2
2450056,2
2450043,2
2450116,2
2450021,2
2450025,2
2450109,2
2450018,2
2450017,2
2450004,2
2450035,2
2450090,2
2450095,2
2450049,2
2450068,2
2450074,2
2450061,2
2450065,2
2450052,2
2450038,2
2450112,2
2450026,2
2450044,2
2450031,2
2450104,2
2450022,2
2450008,2
2450013,2
2450027,2
2450014,2
2450001,2
2450005,2
2450030,2
2450099,2
2450091,14
2450092,2
2450083,2
2450087,2
2450037,2
2450078,2
2450069,2
2450039,2
2450075,2
2450062,2
2450048,2
2450053,2
2450040,2
2090331,25
2090447,25
2090441,21
2090336,25
2090225,25
2090449,25
2090127,25
2090330,25
2090444,21
2090333,25
2090111,25
2090227,25
2090234,25
2090440,21
2090446,25
2090229,25
2090335,21
2090448,25
2090332,25
2090221,25
2090337,21
2090334,25
2090223,25
3250011,23
3250009,21
3250012,23
3250021,21
3250004,23
3250023,23
3250010,23
3250007,21
3250014,23
3250008,21
4770124,10
4770414,10
4770410,10
4770320,10
4770423,10
4770126,10
4770101,10
4770311,10
4770413,10
4770121,10
4770319,10
4770327,10
4770122,10
4770425,10
4770312,10
4770307,10
4770418,10
4810301,14
4810202,14
4810401,14
4810302,14
41005A,17
410045,17
41004B,17
410036,17
410023,17
41070A,17
41004C,17
41070B,17
410015,17
410006,17
41018A,17
41027B,17
410079,17
410072,17
410067,17
410054,17
410055,17
41005B,17
410046,17
410019,17
410024,17
410011,17
41003A,10
410016,17
41018B,17
41007B,17
410081,17
410077,17
410064,17
41007A,17
410043,17
410030,17
410034,17
410021,17
410025,17
410012,17
41003B,17
41063A,17
410017,17
41018C,17
410009,17
410052,17
410038,17
410029,17
410026,17
410057,17
410044,17
41004A,17
41010A,17
410013,17
41010B,17
41063B,17
410014,17
410020,17
410047,17
410078,17
410049,17
410053,17
3030113,19
3030052,19
3030127,19
3030114,19
3030018,19
3030023,19
3030010,19
3030066,19
3030050,19
3030015,19
3030067,19
3030041,13
3030072,19
3030049,19
3030123,19
3030110,19
3030036,19
3030019,19
3030024,19
3030016,19
3030003,19
3030007,19
3030020,19
3030118,19
3030035,19
3030060,19
3030124,19
3030028,19
3030021,19
3030025,19
3030012,19
3030017,19
3030119,19
3030126,19
3030045,19
3030138,19
3030054,19
3030128,19
3030102,19
3030009,19
3030121,19
3030125,19
3030029,19
3030026,19
3030022,19
3030008,19
3030013,19
3030131,19
3030038,13
3030027,19
3030014,19
3030001,19
3030030,19
3030109,19
3030047,19
3030136,19
3030078,19
3030059,19
3030039,13
3030075,19
3030062,19
3030122,19
3030040,19
4070006,8
4070008,8
4070014,8
4070007,8
4070005,2
4070003,8
1090002,23
10903-3,2
610066,27
610045,27
610018,27
610023,15
610010,27
61002A,27
610015,27
610002,27
610006,27
610077,27
610080,15
610084,15
610031,15
610079,15
610072,27
610076,27
610063,27
610067,27
610054,27
610041,15
610055,15
610042,15
610046,27
610019,27
610024,15
610003,27
610007,27
610090,15
610088,15
610094,15
610081,15
610085,15
610058,15
610073,27
610060,27
610064,15
610051,15
610036,15
610028,15
610043,15
610021,15
610025,15
610017,27
610004,27
610093,15
610089,15
610082,27
610086,27
610068,27
610070,27
610074,27
610061,27
610065,27
610052,27
610038,27
610029,15
610016,27
610057,15
610044,15
610026,15
610022,15
610008,27
610013,27
610027,15
610014,27
610001,27
610005,27
610020,15
610050,15
610091,15
610092,15
610083,27
610087,15
610037,27
610078,15
610059,27
610069,27
610039,15
610071,27
610053,27
610040,27
1573066,9
1574135,22
1573113,9
1573100,9
1571018,22
1573101,14
1574105,22
1573009,22
1572137,9
1572070,9
1572060,9
1572050,9
1573006,14
1572030,22
1571040,22
1574042,22
1573032,9
1572093,22
1573019,14
1574080,22
1574084,22
1572115,9
1572031,9
1572079,9
1572141,9
1572051,9
1571072,22
1571076,22
1571067,22
1572123,9
1574049,22
1573041,22
1574110,22
1572055,9
1572089,9
1571037,22
1574046,22
1573106,14
1572081,9
1574011,22
1572033,22
1572023,9
1571016,22
1572139,9
1572116,9
323002C,23
1134401,24
2010758,2
2010578,18
2010106,18
2010708,22
1210403,26
1210317,26
1210413,26
1210414,26
1670219,14
4530209,10
4530112,10
4530409,25
850102,3
1572088,9
1572112,9
1571085,22
1572028,9
1573035,22
1571073,22
1571120,22
1574064,22
1574119,22
1574124,22
1574111,22
1574127,22
1572036,9
1573043,9
1572034,22
1574047,22
1573063,22
1574107,22
1574109,22
1572017,9
1573004,14
1572136,9
1574126,9
1574045,22
1573098,9
1572090,22
1573082,9
1573086,9
3470023,1
3470011,1
3470013,1
3470021,1
3470048,1
3470042,1
3470028,1
3470022,1
3470049,1
3470030,1
3470041,1
3470014,1
3470044,1
3470025,1
3470047,1
3470046,1
3470015,1
3470026,1
323003B,23
323002D,23
323004A,23
323003A,23
323001B,23
323004C,23
323003C,23
3050011,19
3050008,19
3050002,19
3050010,11
1630003,28
212016,10
212007,10
213020,25
213009,25
212003,10
212004,25
212018,10
213010,25
213005,25
213019,25
212017,25
211014,25
212011,10
211001,25
212012,25
3990002,11
3990010,11
3990009,11
1132245,30
1132316,5
1133316,30
1134623,24
1132132,5
1133610,30
1134636,24
1132321,30
1133347,30
1133514,30
1133009,30
1133618,30
1134618,24
1131712,32
1133810,30
1134625,32
1134641,24
1133553,30
1132329,5
1133329,30
1134649,24
1133005,30
1134603,30
1134444,30
1133538,30
1131406,3
1133406,30
1131117,32
1132117,3
1131806,32
1131700,3
1131236,30
1133700,30
1134700,24
1133533,30
1132201,5
1133201,30
1134424,32
1131135,32
1131708,3
1131811,32
1131127,30
1132127,5
1134419,32
1131111,24
1131229,30
1131819,32
1131140,3
1134622,24
1131131,32
1131805,32
1133805,30
1131216,32
1131148,32
1132148,5
1131231,30
1132126,3
1131207,32
1132207,5
1133207,30
1134207,24
1131501,24
1133220,30
1133501,30
1134514,24
1134637,24
1133602,30
1131212,30
1132212,5
1133212,30
1131509,24
1133509,30
1134509,24
1131230,30
1132243,30
1131726,3
1131235,30
1132235,5
1134103,30
1133532,30
1133550,30
1132238,5
1133617,30
1134617,32
1133204,30
1133324,30
1134621,24
1131130,32
1133315,30
1133804,30
1131408,24
1133547,30
1134408,24
1133013,30
1134635,24
1131710,3
1132320,30
1133346,30
1133551,30
1133008,30
1131601,24
1131145,32
1133304,30
1133351,30
1133536,30
1134648,24
1134527,24
1133904,30
1131707,32
1133356,30
1134707,24
1132105,3
1132234,3
1133531,30
1131116,32
1132116,3
1133328,30
1131725,3
1131100,5
1131410,24
1131219,32
1132219,5
1134423,32
1131147,32
1132107,3
1131810,32
1134620,32
1134418,32
1134640,24
1131818,32
1131129,30
1132125,3
1132308,30
1133308,30
1131206,32
1132206,5
1132303,30
1133303,30
1131213,32
1131500,24
1132500,3
1133526,30
1134513,24
1131237,30
1132237,5
1133211,30
1131724,3
1131508,24
1133508,32
1132233,3
1133530,30
1132242,5
1133219,30
1131709,3
1133539,30
1134526,24
1133007,30
1134442,30
1133802,30
1134704,24
1133545,30
1133616,30
1134616,32
1134632,24
1132314,5
1133301,30
1131411,24
1134411,30
1133012,30
1134647,24
1131201,30
1132309,30
1133309,30
1134634,24
1131817,32
1133500,30
1134629,32
1134446,24
1133350,30
1131821,3
1131723,5
1133014,30
1134426,32
1131232,30
1132232,3
1131706,32
1133015,30
1134706,24
1133317,30
1133404,30
1134417,24
1131115,32
1132102,4
1134102,30
1131711,3
1133321,30
1131801,32
1134435,32
1131146,32
1132133,5
1133552,30
1134638,24
1132120,3
1132113,3
1134642,24
1131151,24
1132151,5
1131121,5
1133310,30
1133336,30
1134633,24
1132301,5
1131816,32
1131507,24
1133507,30
1134507,24
1131205,32
1132205,5
1134205,30
1132123,3
1131722,3
1134425,32
1133512,30
1134525,24
1131210,32
1132236,5
1133210,30
1134210,24
1133556,30
1131218,32
1132218,5
1133218,30
1132152,3
1131241,30
1132241,30
1133338,30
1133320,30
1134627,24
1131405,24
1132249,5
1132246,30
1133543,30
1131602,3
1133615,30
1134615,32
1132313,5
1133326,30
1134300,32
1131815,32
1131717,3
1133011,30
1133620,30
1134646,24
1132331,30
1133357,30
1131721,3
1134608,30
1134628,24
1132230,30
1133339,30
1132302,5
1133302,30
1133546,30
1134443,30
1134409,24
1131705,32
1134105,30
1133513,30
1134705,24
1131403,24
1134651,24
1133403,30
1134416,24
1131114,32
1132114,3
1131803,3
1133803,30
1133542,30
1134710,24
1134421,30
1131132,32
1132109,3
1132143,5
1131701,3
1134701,24
1134436,30
1133334,30
1134429,30
1131150,32
1132150,3
1131716,3
1132200,5
1131221,30
1131506,24
1131126,5
1131720,3
1134506,24
1131217,32
1132217,5
1133217,30
1134204,30
1131511,24
1133314,30
1133511,30
1134511,24
1131222,32
1132222,5
1134512,24
1133519,30
1134519,24
1131224,30
1132106,3
1132240,30
1132244,30
1134403,24
1810053,4
1810035,4
1810042,4
1810041,4
1810047,4
1810025,4
1810032,4
1810037,4
1810054,4
1810022,4
1810006,4
1810026,4
1810034,4
1810003,4
1810012,4
1810008,4
1810040,4
1810046,4
1810031,4
1810036,4
1810004,4
1810005,4
1810038,4
1810033,4
1810066,4
1810007,4
1571068,14
1571128,22
1571074,22
1574102,22
1571134,9
1572052,9
1574065,22
1574125,22
1574029,22
1572056,9
1574094,22
1574044,22
1573104,22
1571048,22
1574026,22
1574131,22
1572027,9
1571001,22
1573020,22
1572077,9
1574121,22
1573099,9
1572091,22
1572092,9
1571087,22
1574083,22
1574062,22
1572078,22
1572059,9
1572138,9
1573069,22
1573122,14
1574129,22
1572071,9
1572075,9
1131110,24
1133344,30
1133001,30
1132307,5
1133307,5
1132333,5
1133333,30
1132601,4
1133614,30
1134614,32
1131715,3
1133537,30
1133325,30
1133010,30
1131125,30
1134645,24
1133343,30
1134644,24
1134650,24
1132248,30
1134708,24
1133352,30
1131228,30
1131704,32
1134437,30
1131243,32
1131402,24
1133402,30
1134415,24
1133600,30
1131802,3
1131113,32
1132100,3
1133100,30
1134100,30
1131404,24
1133901,30
1134420,32
1131144,5
1132332,5
1133332,30
1131820,3
1132129,5
1133801,30
1133405,30
1133555,30
1134428,30
1131139,32
1132139,5
1131124,5
1132124,5
1132131,5
1131505,24
1133506,30
1133505,30
1134505,24
1131203,30
1132216,5
1133216,30
1134203,24
1133905,30
1132213,5
1134448,24
1131510,24
1133510,30
1134510,24
1131234,30
1132247,30
1131104,32
1132104,3
1131242,30
1133518,30
1134518,24
1132323,30
1133541,30
1132229,30
1131718,3
1132135,5
1133549,30
1133525,30
1132136,5
1131128,30
1132128,5
1132306,5
1133306,30
1133004,30
1131600,24
1132600,4
1133613,30
1134600,24
1132324,30
1133337,30
1132505,5
1133608,30
1134631,24
1134643,24
1132319,5
1133319,30
1131108,24
1132108,3
1133003,30
1134639,24
1131504,24
1131103,32
1132103,3
1132146,5
1133529,30
1132501,3
1131107,32
1131703,32
1134107,24
1134703,24
1131401,24
1133401,30
1134427,30
1133524,30
1131814,32
1131112,32
1132112,3
1133330,30
1131409,24
1134503,24
1133409,30
1134445,30
1131143,32
1132130,3
1131809,32
1133809,30
1134613,32
1131122,30
1132122,3
1131138,32
1132138,5
1132504,5
1134504,24
1133345,30
1133348,30
1131800,3
1133800,30
1133006,30
1132506,4
1131211,32
1132211,5
1133504,30
1134517,24
1131215,32
1132215,5
1133215,30
1134202,30
1132137,5
1131102,32
1134434,32
1133528,30
1133522,30
1134522,24
1131220,32
1132220,5
1132300,5
1133300,30
1131233,30
1131226,32
1132226,30
1133540,30
1133523,30
1134410,30
1132228,30
1134500,6
1131109,32
1134414,24
1134508,24
1133607,30
1134607,32
1132305,5
1133305,30
1132121,3
1133016,30
1133208,30
1133206,30
1133612,30
1134612,32
1132310,5
1133323,30
1133355,30
1132210,5
1134630,24
1133340,30
1132318,5
1133318,30
1131136,3
1133354,30
1131101,30
1132101,3
1134101,30
1133341,30
1133349,30
1132140,5
1131240,30
1131225,30
1131106,32
1131702,3
1134702,24
1131719,3
1133601,30
1134601,32
1132400,4
1133400,30
1134413,30
1131137,32
1132111,3
1131813,24
1134602,32
1134611,24
1133408,30
1131120,5
1131142,32
1132142,5
1131808,32
1133603,30
1133808,30
1133502,30
1134502,24
1134439,30
1133604,30
1131227,30
1134626,24
1131503,24
1133503,30
1134516,24
1131214,30
1132214,5
1134201,24
1133517,30
1133903,30
1133331,30
1133521,30
1134521,24
1131209,32
1132224,30
1133209,30
1134209,24
1134609,24
1133606,30
1134447,24
1132144,5
1132209,5
1131208,32
1133313,30
1134610,24
1132145,5
1134523,30
1134606,32
1132204,5
1132317,5
1134501,24
1133342,30
1133335,30
1133002,30
1134524,30
1132221,5
1133611,30
1134624,24
1132322,30
1133322,30
1131134,32
1132134,5
1133619,30
1134619,32
1134431,32
1134109,24
1133516,30
1133353,30
1133000,30
1131812,32
1134440,30
1131119,32
1132119,3
1131223,30
1132223,5
1134441,30
1131407,24
1133407,30
1134407,24
1131105,32
1131714,32
1131807,32
1132208,5
1133807,30
1132312,5
1133312,30
1134412,30
1131123,5
1132110,3
1134110,30
1134709,24
1132203,5
1133203,30
1134430,32
1131118,32
1132118,3
1131141,32
1132141,5
1134422,30
1134438,30
1131149,24
1132149,5
1131133,32
1134515,24
1133515,30
1131804,3
1131502,24
1133609,30
1131713,32
1133327,30
1133554,30
1131200,30
1133902,5
1133200,30
1132304,5
1133520,30
1134520,24
1134604,32
1132231,5
1133806,30
1134208,24
1133900,5
1133311,30
1132115,3
1134528,24
1131239,30
1132239,30
1134432,32
1132147,5
1132202,5
1133202,30
1134433,30
1131400,24
1133605,30
1134605,24
3670235,12
3670420,12
3670220,12
3670225,12
3670330,12
3670105,12
3670115,12
3670130,12
3670335,12
3670111,12
3670320,12
3670120,12
3670100,12
3670125,12
3670110,12
3670215,12
3670350,12
3670430,12
3670240,12
3670340,12
3670210,12
2010520,18
2010338,9
2010838,18
2010165,7
2010740,2
2010234,7
2010282,7
2010513,2
2010187,29
2010303,7
2010650,7
2010192,18
2010468,18
2010748,22
2010264,7
2010378,14
2010878,10
2010470,22
2010323,18
2010823,7
2010286,9
2010727,7
2010233,7
2010381,2
2010881,7
2010691,7
2010199,2
2010065,29
2010453,7
2010321,29
2010413,29
2010363,2
2010202,18
2010512,7
2010203,18
2010175,7
2010273,7
2010126,10
2010197,18
2010832,18
2010480,7
2010790,29
2010298,7
2010242,22
2010552,10
2010094,29
2010209,7
2010462,9
2010301,29
2010611,18
2010119,10
2010429,9
2010076,22
2010872,29
2010521,10
2010339,18
2010839,7
2010135,7
2010741,7
2010249,14
2010283,7
2010354,29
2010840,18
2010045,18
2010651,7
2010159,18
2010193,18
2010469,2
2010580,18
2010561,14
2010104,18
2010663,18
2010710,7
2010218,29
2010533,2
2010471,2
2010014,7
2010620,9
2010824,29
2010438,7
2010530,29
2010348,22
2010848,18
2010658,2
2010643,7
2010596,2
2010144,18
2010750,22
2010292,9
2010568,22
2010364,7
2010864,18
2010478,7
2010044,18
2010274,7
2010423,18
2010389,18
2010850,9
2010333,14
2010833,18
2010191,29
2010185,18
2010791,29
2010299,7
2010809,18
2010243,9
2010553,7
2010095,7
2010463,7
2010006,2
2010612,2
2010077,22
2010873,18
2010226,29
2010558,9
2010759,7
2010488,9
2010835,9
2010136,18
2010284,7
2010398,7
2010342,18
2010842,22
2010652,9
2010194,18
2010309,7
2010075,18
2010266,29
2010105,29
2010711,7
2010219,9
2010529,10
2010374,18
2010472,7
2010015,7
2010621,7
2010439,7
2010882,7
2010235,18
2010349,22
2010087,7
2010883,18
2010054,7
2010145,18
2010751,14
2010259,18
2010293,7
2010569,7
2010408,18
2010055,18
2010661,7
2010204,18
2010479,7
2010782,22
2010114,10
2010720,10
2010538,18
2010302,22
2010334,18
2010448,18
2010343,29
2010244,7
2010554,9
2010392,9
2010760,2
2010007,18
2010148,7
2010732,22
2010670,2
2010523,7
2010489,9
2010064,29
2010433,7
2010285,9
2010703,22
2010399,18
2010086,18
2010843,18
2010195,18
2010174,22
2010267,22
850150,4
850117,3
850160,4
2410012,8
2430005,23
25905-4,11
4670018,1
2010522,10
2010177,7
2010016,7
2010622,7
2010826,7
2010563,2
2010588,2
2010236,9
2010680,18
2010884,18
2010498,7
2010146,7
2010752,22
2010294,9
2010409,18
2010056,7
2010742,18
2010866,18
2010319,9
2010819,7
2010629,18
2010276,9
2010115,18
2010074,7
2010721,22
2010539,7
2010422,9
2010335,7
2010096,9
2010449,18
2010483,7
2010359,9
2010393,22
2010669,7
2010508,9
2010532,2
2010155,7
2010761,7
2010304,7
2010804,7
2010579,18
2010418,22
2010728,22
2010375,29
2010875,7
2010524,9
2010638,9
2010642,7
2010279,22
2010434,7
2010548,7
2010582,18
2010865,18
2010344,18
2010844,18
2010654,22
2010196,18
2010768,10
2010322,18
2010366,18
2010517,7
2010564,9
2010107,29
2010678,7
2010058,18
2010474,14
2010017,7
2010190,29
2010623,10
2010432,7
2010385,7
2010589,7
2010501,18
2010237,9
2010473,22
2010681,18
2010499,7
2010649,9
2010443,7
2010753,7
2010295,9
2010057,18
2010367,18
2010206,18
2010573,9
2010116,7
2010722,9
2010688,10
2010632,7
2010836,7
2010780,29
2010598,2
2010332,18
2010542,9
2010394,29
2010401,18
2010509,10
2010373,18
2010156,18
2010762,29
2010305,10
2010805,7
2010419,22
2010442,7
2010729,18
2010818,18
2010376,18
2010215,7
2010525,9
2010178,7
2010639,14
2010859,18
2010435,7
2010549,18
2010345,7
2010845,22
2010459,2
2010493,7
2010769,29
2010608,18
2010255,7
2010565,9
2010404,22
2010679,22
2010518,7
2010475,22
2010814,9
2010624,10
2010699,22
2010534,22
2010648,10
2010682,22
2010444,7
2010662,22
2010754,18
2010296,9
2010731,7
2010664,29
2010207,18
2010778,18
2010574,18
2010117,18
2010744,22
2010723,18
2010132,9
2010689,7
2010085,18
2010027,18
2010337,9
2010837,7
2010485,10
2010599,2
2010543,29
2010395,7
2010716,22
2010157,18
2010763,29
2010602,7
2010806,18
2010562,18
2010673,22
2010216,9
2010526,29
2010631,10
2010788,7
2010436,7
2010584,18
2010090,14
2010437,7
2010346,2
2010846,18
2010494,18
2010609,7
2010256,7
2010566,7
2010701,7
2010519,7
2010772,14
2010315,7
2010625,7
2010739,2
2010535,29
2010041,2
2010683,29
2010484,7
2010005,18
2010559,9
2010593,7
2010100,2
2010572,7
2010855,18
2010665,22
2010504,7
2010779,29
2010618,10
2010289,22
2010575,10
2010414,14
2010724,22
2010634,2
2010140,9
2010486,7
2010600,14
2010396,18
2010307,14
2010807,7
2010384,9
2010674,2
2010217,7
2010789,7
2010127,10
2010585,18
2010306,22
2010091,14
2010347,22
2010847,2
2010495,7
2010500,2
2010567,7
2010406,18
2010773,9
2010316,7
2010816,18
2010626,7
2010536,22
2010684,7
2010372,9
2010446,18
2010594,18
2010808,7
2010856,18
2010666,18
2010505,18
2010503,9
2010113,18
2010011,29
2010576,18
2010415,22
2010725,29
2010400,14
2010635,2
2010749,9
2010783,10
2010545,22
2010510,7
2010051,22
2010184,18
2010200,7
2010455,18
2010765,9
2010604,2
2010718,22
2010698,18
2010020,7
2010382,2
2010734,10
2010240,9
2010586,2
2010426,9
2010730,7
2010644,14
2010150,18
2010496,7
2010467,18
2010771,7
2010407,7
2010410,18
2010793,22
2010774,22
2010317,7
2010817,29
2010451,2
2010227,7
2010537,22
2010685,7
2010799,2
2010715,22
2010447,7
2010595,18
2010357,2
2010326,29
2010667,7
2010506,9
2010012,2
2010583,18
2010577,7
2010416,22
2010671,7
2010726,10
2010297,9
2010636,2
2010693,7
2010784,18
2010290,2
2010546,7
2010052,7
2010694,7
2010420,22
2010456,2
2010766,9
2010605,29
2010111,10
2010210,9
2010676,29
2010515,7
2010021,18
2010770,22
2010735,2
2010587,2
2010571,29
2010141,2
2010645,7
2010151,18
2010497,18
2010300,10
2010555,9
2010061,29
2010702,18
2010863,9
2010028,2
2010775,29
2010614,18
2010320,18
2010120,7
2010030,7
2010862,18
2010340,2
2010686,7
2010158,9
2010247,18
2010430,9
2010250,2
2010383,7
2010068,9
2010507,9
2010013,2
2010110,2
2010417,22
2010277,29
2010581,18
2010327,18
2010827,29
2010637,18
2010785,29
2010291,9
2010547,10
2010053,18
2010695,22
2010457,2
2010606,18
2010112,10
2010677,29
2010516,7
2010022,9
2010067,29
2010736,18
2010010,18
2010080,18
2010390,18
2010205,18
2010646,9
2010152,29
2010794,18
2010278,29
2010556,9
2010211,29
2010719,29
2010029,29
2010776,2
2010615,2
2010121,10
2010356,7
2010031,9
2010341,29
2010841,18
2010704,22
2010745,22
2010597,7
2010069,29
2010655,14
2010161,18
2010310,7
2010810,18
2010128,7
2010660,18
2010071,7
2010425,9
2010619,10
2010130,7
2010440,7
2010786,29
2010258,7
2010350,7
2010696,22
2010168,18
2010260,7
2010078,18
2010450,18
2010170,22
2010023,29
2010628,18
2010714,29
2010427,9
2010560,18
2010081,29
2010391,22
2010325,18
2010647,9
2010153,18
2010795,29
2010557,9
2010706,7
2010212,18
2010777,29
2010692,14
2010122,18
2010476,22
2010088,2
2010032,7
2010180,9
2010490,7
2010746,22
2010252,18
2010656,18
2010162,29
2010001,18
2010225,7
2010311,9
2010811,18
2010129,7
2010072,29
2010221,29
2010570,7
2010147,18
2010441,7
2010787,29
2010592,18
2010879,10
2010035,18
2010351,2
2010697,18
2010169,18
2010008,7
2010445,7
2010755,22
2010261,29
2010079,18
2010228,18
2010717,18
2010171,18
2010360,7
2010024,18
2010125,7
2010230,18
2010540,7
2010048,18
2010358,18
2010858,9
2010166,18
2010248,29
2010154,29
2010796,29
2010268,7
2010405,18
2010492,7
2010707,7
2010213,7
2010617,10
2010089,7
2010527,29
2010033,7
2010181,29
2010491,7
2010747,2
2010253,18
2010377,14
2010687,7
2010657,18
2010163,18
2010002,18
2010312,7
2010812,18
2010073,18
2010222,7
2010188,29
2010176,7
2010431,7
2010280,29
2010590,2
2010098,2
2010386,14
2010042,18
2010352,22
2010781,9
2010009,18
2010756,2
2010262,7
2010101,18
2010411,18
2010229,29
2010172,9
2010025,18
2010821,29
2010675,18
2010270,18
2010231,29
2010049,10
2010083,18
2010097,2
2010797,18
2010269,7
2010108,18
2010361,7
2010861,18
2010424,7
2010179,7
2010018,7
2010328,22
2010828,10
2010214,7
2010124,10
2010238,18
2010330,7
2010830,7
2010487,9
2010182,7
2010603,10
2010254,18
2010092,22
2010368,29
2010868,7
2010460,2
2010003,7
2010313,18
2010813,10
2010370,10
2010870,18
2010223,7
2010324,18
2010189,18
2010627,9
2010133,7
2010281,7
2010591,29
2010099,2
2010365,18
2010043,7
2010353,29
2010713,7
2010757,18
2010102,2
2010412,18
2010070,7
2010173,10
2010026,18
2010822,9
2010232,7
2010084,22
2010690,10
2010198,18
2010142,29
2010224,7
2010452,10
2010109,18
2010877,10
2010362,14
2010265,7
2010511,18
2010019,18
2010329,29
2010829,9
2010272,7
2010613,18
2010421,7
2010239,9
2010403,7
2010331,7
2010641,7
2010149,10
2010183,7
2010454,18
2010059,18
2010093,22
2010700,2
2010869,7
2010461,7
2010004,18
2010610,18
2010118,7
2010428,9
2010371,18
2010871,18
3510002,4
3510020,8
3510009,8
3510003,1
3510017,8
3510021,8
3510013,7
3510012,8
3510011,7
3510005,1
3510006,8
3510010,4
3510014,1
3510001,4
3070103,11
3070403,11
3070302,11
3070102,11
510412,10
510202,10
510410,10
510301,10
510113,10
510204,10
510308,10
510114,10
510203,10
510406,10
510305,10
510309,10
510207,10
2230023,4
2230013,4
2230020,4
2230025,4
2230017,4
2230012,4
2230005,4
2230014,4
2230016,4
2230024,4
2230036,4
2230011,4
223003A,4
2230008,4
650301,13
650202,13
650103,13
650101,13
650401,13
650302,13
650201,13
650102,13
650402,13
690105,19
690109,19
690307,19
690101,13
690401,19
690201,19
690301,19
690408,13
690206,19
730033,1
730038,5
730046,1
730016,5
730011,1
730012,5
730014,5
730013,5
730026,1
730048,1
730035,5
730042,5
730028,5
730036,5
730043,5
730027,5
730023,5
730037,5
730010,5
730024,5
730045,1
730044,1
730025,1
730032,1
730015,5
730029,1
730034,1
730047,1
750401,13
750301,13
750201,13
750101,13
770027,13
770006,13
770012,13
770032,13
770024,13
770008,13
770014,13
770017,13
770020,13
770015,13
770026,13
770009,13
770013,13
770010,13
770001,13
770011,13
810001,11
810003,11
810002,11
810004,11
830001,11
830003,11
83002E,11
830002,11
870302,13
870102,13
870401,13
870301,13
870201,13
870101,13
870402,13
890301,25
890202,25
890103,14
890101,25
890304,10
890401,25
890302,10
890201,25
890102,25
890305,25
890402,14
890303,10
910301,21
910204,21
910107,21
910302,21
910403,21
910205,21
910101,21
910303,21
910405,21
910206,21
910401,21
910304,21
910103,21
910402,21
910105,21
910201,21
910406,21
910104,21
910202,21
910203,21
910106,21
930007,11
930006,11
930022,11
930004,11
930027,11
930002,11
930014,11
930015,31
930003,11
930019,11
930005,11
930009,31
930008,31
930001,11
930013,31
930016,11
950407,11
950306,11
950101,11
950205,11
950203,11
950102,11
950408,11
950204,11
990110,31
990315,17
990406,17
990111,31
990320,31
990404,31
990407,31
990303,31
990108,31
990105,31
990401,31
990219,31
990116,31
990109,31
990117,31
990221,31
990202,31
990213,17
990312,31
990122,31
990314,31
990418,31
1010301,13
1010401,13
1010102,13
1010201,13
1010101,13
1870103,28
1870209,28
1870404,28
1870204,28
1870210,28
1870305,21
1870105,25
1870401,21
1870201,28
1870406,28
1870111,28
1870102,28
1870408,21
1870107,25
1870208,28
1870403,21
1870203,28
1870113,28
1870109,25
1870104,28
1870405,28
1870110,28
1870101,28
1870301,28
1870211,28
1870106,28
1870402,21
1870202,28
1870407,28
1870112,28
1870207,28
1870108,25
3550100,27
3550066,27
3550032,27
3550036,15
3550023,15
3550010,15
3550050,27
3550040,27
3550006,27
3550053,27
3550009,15
3550123,27
3550030,27
3550093,27
3550097,27
3550084,27
3550115,27
3550031,27
3550079,27
3550051,27
3550072,27
3550076,27
3550063,27
3550054,27
3550041,27
3550055,27
3550042,27
3550046,27
3550102,27
3550037,27
3550011,15
3550033,27
3550003,27
3550007,27
3550116,27
3550106,27
3550105,27
3550118,27
3550088,27
3550094,27
3550081,27
3550085,27
3550069,27
3550058,27
3550073,27
3550060,27
3550064,27
3550111,15
3550028,27
3550117,27
3550107,15
3550056,27
3550043,27
3550047,27
3550034,27
3550021,27
3550119,27
3550012,27
3550004,27
3550103,15
3550045,27
3550035,27
3550025,15
3550098,27
3550101,27
3550110,27
3550095,27
3550082,27
3550086,27
3550068,27
3550070,27
3550074,27
3550061,27
3550052,27
3550112,27
3550029,27
3550057,27
3550044,27
3550104,27
3550022,27
3550013,27
3550121,27
3550038,27
3550027,27
3550014,27
3550001,27
3550005,27
3550020,27
3550077,27
3550099,27
3550096,27
3550083,27
3550087,27
3550059,27
3550049,27
3550039,27
3550071,27
3550075,27
3550062,27
3550048,27
3550108,27
1210113,24
1210205,24
1210312,24
1210127,26
1210101,4
1210426,26
1210141,26
1210110,26
1210410,26
1210133,26
1210420,26
1210424,26
1210411,12
1210416,26
1210407,26
1210319,24
1210206,24
1210126,26
1210218,24
1210304,26
1210222,24
1210208,24
1210213,24
1210200,24
1210429,26
1210132,26
1210118,26
1210123,26
1210310,26
1210102,26
1210106,26
1210428,26
1210219,26
1210209,24
1210421,26
1210425,26
1210412,12
1210417,26
1210404,26
1210322,26
1210308,26
1210313,26
1210300,26
1210321,24
1210314,26
1210301,26
1210305,24
1210223,3
1210210,3
1210220,3
1210142,26
1210215,24
1210202,26
1210111,26
1210201,26
1210116,26
1210107,26
1210136,26
1210138,24
1210422,26
4394410,12
37008C,4
2630401,13
4930103,23
1210400,26
1210405,26
1210120,26
1210427,26
1210318,24
1210323,26
1210309,24
1210315,24
1210302,26
1210306,26
1210224,24
1210211,24
1210143,26
1210134,26
1210207,24
1210125,26
1210112,26
1210104,26
1210406,26
1210121,26
1210204,24
1210418,26
1210423,26
1210409,26
1210415,26
1210402,12
1210320,26
1210324,26
1210311,26
1210316,26
1210303,26
1210307,26
1210225,24
1210212,24
1210129,26
1210419,26
1210217,24
1210108,26
1410047,16
1410136,16
1410014,16
1410103,16
1410043,16
1410022,16
1410055,16
1410164,16
1410038,16
1410027,16
1410116,16
1410050,16
1410089,16
1410035,16
1410124,16
1410074,16
1410024,16
1410002,16
1410018,16
1410137,16
1410010,16
1410142,16
1410015,16
1410104,16
1410061,16
1410039,16
1410128,16
1410117,16
1410036,16
1410163,16
1410087,16
1410130,16
1410019,16
1410108,16
1410011,16
1410100,16
1410033,16
1410092,16
1410016,16
1410007,16
1410062,16
1410151,16
1410078,16
1410129,16
1410101,16
1410064,16
1410037,16
1410126,16
1410080,16
1410070,16
1410004,16
1410131,16
1410132,16
1410109,16
1410086,16
1410012,16
1410028,16
1410093,16
1410106,16
1410017,16
1410144,16
1410042,16
1410063,16
1410152,16
1410079,16
1410168,16
1410113,16
1410040,16
1410030,16
1410008,16
1410076,16
1410123,16
1410073,16
1410081,16
1410023,16
1410005,16
1410170,16
1410059,16
1410013,16
1410140,16
1410029,16
1410094,16
1410056,16
1410107,16
1410026,16
1410153,16
1410031,16
1410001,16
1410009,16
1410077,16
1410082,16
1410098,16
1410044,16
1410133,16
1410090,16
1410052,16
1410141,16
1410068,16
1410095,16
1410057,16
1410006,16
1410065,16
1410154,16
1410125,16
1410051,16
1410032,16
1410121,16
1410048,16
1410075,16
1410025,16
1410083,16
1410099,16
1410045,16
1410134,16
1410091,16
1410053,16
1410069,16
1410096,16
1410105,16
1410020,16
1410066,16
1410162,16
1410114,16
1410003,16
1410112,16
1410071,16
1410122,16
1410049,16
1410138,16
1410060,16
1410041,16
1410127,16
1410072,16
1410084,16
1410046,16
1410135,16
1410054,16
1410097,16
1410102,16
1410118,16
1410021,16
1410110,16
1410067,16
1410145,16
1410115,16
1410088,16
1410034,16
1410139,16
1410058,16
1410085,16
4391560,26
4392225,6
4391098,26
4391271,6
4393248,24
4394110,12
4391001,12
4392307,6
4391568,26
4394051,12
4391005,26
4391279,26
4393627,26
4391312,26
4393325,12
4391482,26
4391010,26
4394495,26
4393193,24
4392356,6
4393330,24
4394343,12
4394018,12
4392645,6
4393054,12
4394067,12
4394650,12
4393361,24
4394338,12
4393511,24
4393049,26
4394020,12
4393286,24
4394369,12
4392402,6
4394092,12
4394178,12
4394115,12
4391126,26
4393585,26
4391296,12
4391420,6
4393433,24
4393404,6
4391108,12
4393131,26
4393470,24
4393590,26
4394129,12
4393562,24
4391555,12
4391477,26
4392451,6
4391598,26
4391175,6
4394649,12
4393139,26
4394162,12
4391459,12
4394124,12
4392438,6
4392505,6
4391132,26
4393216,24
4394203,12
4393213,26
4393386,24
4392523,6
4393510,24
4394097,12
4393247,24
4391104,26
4392401,6
4394518,12
4391567,26
4392541,6
4393554,12
4392229,6
4394252,12
4391572,12
4393549,24
4391270,6
4392180,6
4393172,24
4394084,12
4394128,12
4392306,6
4391004,12
4392546,24
4391278,26
4394017,12
4391600,6
4392613,6
4391337,12
4393324,26
4391481,12
4391022,12
4391062,12
4394494,12
4393631,12
4392319,6
4393289,12
4394342,12
4391504,17
4391489,6
4391066,26
4393040,26
4394053,12
4393561,6
4392360,6
4394373,12
4394048,12
4392619,6
4394107,12
4393368,24
4392427,6
4393414,24
4391597,12
4392033,17
4393584,26
4391295,26
4393282,26
4391415,26
4393409,26
4394432,12
4392143,6
4393156,24
4394130,12
4391476,12
4392450,6
4394122,12
4392161,6
4391002,12
4394138,12
4392439,24
4394288,12
4391211,26
4391349,12
4392169,6
4392536,6
4393215,12
4394202,12
4393283,24
4393385,24
4391083,26
4393157,24
4392246,6
4394233,12
4393390,24
4392553,6
4393566,24
4394540,12
4391277,26
4392228,6
4394458,12
4393398,12
4392548,6
4391198,12
4394259,12
4393183,24
4393579,24
4392003,6
4391079,12
4394016,12
4391206,12
4392612,6
4391186,12
4394047,12
4392310,6
4393323,24
4391480,12
4391021,12
4394493,12
4392210,6
4394630,12
4392318,6
4391341,12
4394191,12
4393367,12
4394136,12
4392052,6
4394065,12
4394638,12
4393372,12
4394070,12
4391106,26
4392031,6
4391078,26
4391297,26
4392413,6
4391596,12
4391111,12
4393583,24
4394137,12
4392281,6
4391408,12
4392431,6
4393457,24
4394452,12
4391142,12
4392571,6
4394155,12
4392537,6
4391475,26
4392462,6
4392173,6
4393160,6
4391573,26
4392168,6
4394503,12
4391227,26
4393574,24
4393214,12
4394201,12
4393517,24
4392521,6
4391082,12
4394534,12
4391245,12
4392224,6
4394232,12
4391593,12
4391565,12
4393552,12
4393399,12
4392263,6
4394276,12
4391154,12
4393570,12
4393334,24
4391606,6
4392258,6
4392317,6
4392309,6
4391015,12
4394578,12
4391487,12
4392611,6
4391185,26
4393336,24
4393335,24
4392466,6
4393625,12
4391642,6
4394492,12
4394046,12
4394285,12
4392190,6
4392357,6
4393366,26
4394340,12
4392028,6
4394064,12
4391348,12
4391059,26
4391605,6
4393407,24
4391105,12
4391208,12
4394528,12
4391595,12
4393582,24
4394123,12
4392280,6
4393430,26
4394456,12
4394118,12
4391167,12
4394141,12
4391474,26
4392461,6
4391149,26
4391133,12
4394068,12
4393469,24
4391502,12
4392609,6
4393516,24
4392226,6
4393063,12
4392383,6
4393396,24
4392520,6
4391081,12
4394533,12
4391257,12
4394094,12
4394231,12
4393539,24
4391311,6
4391152,6
4393564,6
4394577,12
4391239,12
4392275,24
4393559,24
4393628,12
4394531,12
4391056,12
4391607,6
4394400,12
4392316,6
4393623,12
4391014,12
4392027,6
4391473,12
4392464,6
4393486,26
4392636,6
4393197,26
4391514,6
4392217,6
4391009,12
4392355,6
4393032,26
4394045,12
4394195,12
4393491,12
4392221,6
4391076,12
4394499,12
4394050,12
4391351,12
4394125,12
4394370,12
4392379,6
4391058,26
4393406,12
4391117,12
4391378,12
4391236,26
4391490,6
4391437,26
4394374,12
4393424,12
4391594,12
4392581,6
4394135,12
4391419,6
4393455,6
4393166,24
4391463,6
4391153,26
4393589,24
4393140,26
4391460,26
4394397,12
4392171,6
4392614,6
4391207,12
4392468,6
4392220,6
4393527,26
4394501,12
4394179,12
4393637,12
4391292,12
4393443,24
4393212,24
4393382,6
4394395,12
4393545,24
4394532,12
4394093,12
4393530,24
4394256,12
4392550,6
4391088,26
4394563,12
4391274,12
4394261,12
4393558,24
4391604,6
4392617,6
4392269,6
4391302,12
4392315,6
4391547,24
4391485,12
4391013,26
4392026,6
4392635,6
4393196,24
4392320,6
4393333,26
4391346,26
4391008,26
4394551,12
4392535,6
4394057,12
4391640,17
4394071,12
4392007,6
4392304,6
4391377,12
4393364,12
4394328,12
4391075,26
4394498,12
4393648,26
4393359,24
4394086,12
4392405,6
4393234,12
4391103,17
4394116,12
4392616,6
4391034,17
4392100,6
4391423,12
4394436,12
4391134,12
4392147,6
4394121,12
4393164,12
4394620,12
4391291,12
4392467,6
4393441,6
4394454,12
4391165,12
4393588,12
4391299,26
4391472,12
4392449,6
4394077,12
4391170,26
4391023,17
4392484,24
4393187,12
4392303,6
4394144,12
4391500,26
4392513,6
4393526,24
4391237,12
4394087,12
4391025,26
4392381,6
4394394,12
4391074,26
4394508,12
4394242,12
4391615,24
4393389,24
4393575,26
4391273,12
4393260,24
4393322,24
4393442,6
4391603,6
4393391,24
4392488,6
4392314,6
4393327,24
4392148,6
4392411,6
4391012,26
4394497,12
4393621,26
4394182,12
4393332,12
4394345,12
4393445,6
4392030,6
4393509,12
4391446,6
4394629,12
4391376,12
4393634,12
4394350,12
4391061,12
4392426,6
4393038,24
4393329,6
4392358,6
4392412,6
4394069,12
4394102,12
4391024,17
4394587,12
4391435,12
4392174,6
4393422,26
4391592,12
4391146,26
4392544,6
4394096,12
4391294,17
4391120,12
4391089,26
4391440,12
4394290,12
4391251,12
4394113,12
4391151,26
4393177,26
4391298,12
4392448,6
4393471,26
4394159,12
4393507,12
4392205,6
4391479,26
4392525,6
4391080,26
4394512,12
4393072,12
4392223,6
4391380,6
4392393,6
4392556,6
4393543,12
4394218,12
4391241,12
4394091,12
4393254,24
4391388,6
4391099,26
4391095,12
4393249,24
4394272,12
4392569,6
4392112,6
4391602,12
4394006,12
4394250,12
4391300,12
4392313,6
4393326,26
4391483,12
4391011,26
4394429,12
4393037,24
4393633,12
4392181,6
4393194,12
4392308,17
4394344,12
4391019,12
4392055,6
4392608,6
4391189,12
4391339,12
4394230,12
4394375,12
4391073,12
4393647,12
4394496,12
4394060,12
4392610,6
4392354,6
4392403,6
4393416,12
4391127,26
4393114,24
4394101,12
4393586,24
4391188,6
4394243,12
4391447,12
4394284,12
4393421,24
4394434,12
4391109,12
4392145,6
4394591,12
4393465,12
4391428,26
4391150,12
4393599,12
4393176,26
4394163,12
4392557,6
4393200,24
4393041,26
4391264,12
4393158,6
4393036,24
4391478,12
4394204,12
4393529,24
4393646,12
4393387,26
4392524,6
4391085,12
4392235,6
4394222,12
4392353,6
4392519,6
4391090,26
4393287,12
4393576,26
4392266,6
4393240,12
4394253,12
1670484,14
1670101,14
1670105,14
1670151,14
1670197,14
167339A,14
1670199,14
1670467,14
1670454,14
1670232,14
1670455,14
1670196,14
1670330,14
1670309,14
1670148,14
1670201,14
1670118,14
1670485,14
1670389,14
1670115,14
1670102,14
1670106,14
1670460,14
1670173,14
1670456,14
1670338,22
1670329,14
1670344,14
1670331,22
1670335,14
167334A,14
1670313,14
1670172,14
1670314,14
1670301,14
1670150,14
1670223,14
1670345,14
1670146,14
1670482,14
1670340,14
1670103,14
1670107,14
1670398,14
1670470,14
1670461,14
1670452,14
1670280,14
1670312,14
1670347,14
1670457,14
1670279,14
1670194,14
1670339,14
1670490,14
1670369,14
1670401,14
1670336,22
1670310,14
1670159,14
1670302,14
1670491,14
1670216,14
1670343,14
1670492,14
1670483,14
1670487,14
1670149,14
1670104,14
1670471,14
1670462,14
1670466,14
1670453,14
1670281,14
167329A,14
1670493,14
1670195,14
1670341,14
1670342,14
1670402,14
1670337,14
1670168,14
1670311,14
1670228,14
1670165,14
1670220,14
1670217,14
1670108,14
1050002,11
1070027,13
1070011,13
1070039,13
1070044,13
4530136,10
4530225,10
4530352,25
4530279,10
4530107,10
4530446,25
4530208,10
4530111,10
4530200,10
4530334,31
4530243,10
4530370,31
4530421,25
4530259,10
4530124,21
4530251,10
4530229,10
4530256,10
4530345,10
4530137,10
4530226,10
4530458,25
4530401,25
4530349,21
4530447,25
4530231,10
4530263,10
4530213,10
4530206,10
4530333,31
4530422,25
4530407,25
4530438,25
4530163,10
4530252,10
4530427,25
4530346,21
4530130,25
4530132,25
4530108,10
4530317,10
4530354,21
4530402,25
4530105,10
4530248,10
4530113,10
4530240,10
4530129,25
4530101,10
4530460,25
4530222,10
4530207,10
4530372,31
4530461,25
4530332,25
4530439,25
4530126,25
4530253,10
4530358,25
4530301,25
4530347,21
4530220,10
4530109,10
4530314,10
4530403,25
4530423,25
4530106,10
4530271,10
4530360,25
4530411,25
4530249,10
4530338,10
4530151,10
4530371,11
4530275,25
4530152,21
4530241,10
4530327,10
4530246,10
4530373,21
4530424,25
4530454,25
4530164,10
4530123,25
4530254,10
4530307,10
4530318,21
4530437,25
4530364,10
4530267,10
4530205,10
4530140,10
4530442,25
4530323,25
4530412,25
4530339,21
4530153,10
4530258,10
4530247,10
4530336,21
4530463,25
4530110,10
4530122,10
4530342,21
4530214,10
4530430,25
4530319,21
4530156,10
4530133,25
4530260,10
4530149,25
4530238,10
4530141,10
4530227,10
4530316,21
4530273,10
4530362,25
4530429,25
4530154,10
4530335,31
4530202,10
4530426,25
4530268,10
4530215,10
4530431,25
4530223,10
4530350,25
4530239,10
4530328,10
4530355,25
4530444,21
4530121,10
4530236,10
4530363,25
4530150,10
4530320,21
4530203,10
4530330,10
4530219,10
4530308,11
4530160,10
4530211,10
4530216,10
4530262,10
4530139,10
4530135,25
4530224,10
4530351,25
4530440,25
4530278,10
4530356,25
4530445,21
4530324,21
4530237,10
4530326,21
4530337,10
4530242,10
4530331,10
4530420,25
4530235,10
4530455,25
4530377,10
4530161,10
4530250,10
4530405,25
4530228,10
4530361,21
4530217,10
4530306,21
4530433,25
4530462,21
1110006,13
1110004,13
1110008,13
1110002,13
1110007,13
1110005,13
1110009,13
1110003,13
1110001,13
4650021,23
4650023,23
4650024,23
4650031,23
4650012,23
3970004,4
1150011,11
1150017,11
1150003,11
1190004,4
1190002,4
1190007,4
1190010,4
1190005,4
1190009,4
1190003,4
1190001,4
4850013,13
4850042,13
4850017,13
4850047,13
4850025,13
4850020,13
4850032,13
4850010,13
4850037,13
4850049,13
4850044,13
4850022,13
4850014,13
4850034,13
4850012,13
4850018,13
4850046,13
4850024,13
4850015,13
4850048,13
4850043,13
4850021,13
4850038,13
4850033,13
4850011,13
4850016,13
4850023,13
4850030,13
370014,4
37003B,4
370009,4
370020,4
370025,4
37002B,4
370016,4
37001B,4
37002A,4
370018,4
370021,4
370013,4
370007,4
370012,4
37008B,4
370029,4
370024,4
37003A,4
370015,4
370022,4
37001A,4
370027,4
37002C,4
37005A,4
370017,4
37008A,4
370028,4
37004A,4
370019,4
1170001,13
1170003,3
1170002,19
1170004,13
4810201,14
4810402,14
4810303,14
3530006,11
3530008,11
3530007,11
3530010,11
3530005,19
3530013,11
1230026,15
1230018,15
1230024,14
1230008,15
1230002,15
1230006,14
1230007,15
1230023,15
1230003,15
1230001,14
1230028,15
1250001,13
1250006,13
1250003,13
1250002,13
1250004,13
1270001,23
1270006,23
1270003,23
1270005,23
1270002,23
1270007,23
1270004,23
1290301,13
1290401,13
1290102,13
1290201,13
1290303,13
1290101,13
1310011,15
1310006,15
1310004,15
1310008,15
1310002,15
1310007,15
1310010,15
1310005,15
1310009,15
1310003,15
1310001,15
1390139,6
1390103,30
1390131,6
1390136,6
1390114,6
1390143,30
1390121,6
1390127,6
1390105,30
1390138,30
1390108,6
1390133,6
1390111,6
1390117,5
1390122,6
1390128,6
1390145,6
1390115,6
1390102,6
1390126,6
1390107,6
1390119,6
1390130,17
1390104,30
1390135,6
1390113,6
1390142,6
1390109,30
1390120,6
1390125,5
1390116,6
1390141,6
1390132,6
1390123,6
1390110,30
1390137,6
1390144,6
1390101,17
1390106,30
1390118,17
1390134,6
1390112,6
1390124,6
1390129,6
1390140,6
1430033,31
1430010,31
1430047,31
1430020,31
1430034,17
1430041,31
1430021,31
1430011,31
1430018,31
1430023,31
1430030,17
1430019,31
1430044,31
1430024,31
1430031,17
1430045,31
1430025,31
1430032,31
1430012,31
1430046,31
90011,19
90014,13
90004,13
90008,13
90002,13
90006,19
90012,13
90007,13
90003,13
90010,13
90005,13
90009,13
90001,13
90013,13
710011,14
710006,14
710004,14
710008,14
710002,14
710012,14
710007,14
710010,14
710005,14
710009,14
710003,14
710001,14
270303,31
270315,31
270103,31
270409,31
270203,31
270209,31
270201,31
270404,31
270204,31
270410,31
270210,31
270305,31
270105,31
270401,31
270311,17
270317,31
270111,31
270206,31
270301,17
270302,31
270102,31
270307,31
270408,31
270107,31
270208,31
270314,31
270313,31
270406,31
270309,31
270109,31
270304,31
270104,31
270403,31
270310,31
270405,31
270110,31
270205,31
270411,31
270202,31
270101,31
270306,31
270316,31
270106,31
270402,31
270312,31
270407,31
270112,31
270207,31
270308,31
270108,31
390057,14
390050,14
390035,14
390051,14
390013,14
390068,14
390063,22
390009,14
390041,14
390047,14
390059,9
390024,14
390025,14
390058,22
390065,9
390075,22
390020,14
390077,14
390032,14
390004,14
390037,14
390049,14
390054,14
390026,9
390028,22
390044,14
390036,14
390001,14
390014,14
390039,14
390076,9
390056,14
390034,14
390046,22
390052,14
390012,22
390072,14
390062,22
390010,14
390008,14
390040,14
390067,22
390029,22
390003,14
390074,14
390060,22
390031,14
390017,14
390018,14
390015,14
390048,14
390043,14
390027,14
390071,14
390005,14
390055,14
390033,14
390011,14
390016,14
390042,14
390061,14
390023,14
390045,14
390064,22
390002,14
390022,14
390007,14
390019,14
390030,14
1330006,11
1330004,31
1330008,19
1330002,19
1330007,11
1330005,11
1330009,19
1330003,31
1330001,19
1450105,31
1450301,31
1450405,31
1450101,31
1450403,17
1450304,31
1450302,31
1450203,31
1450104,17
1450201,17
1450404,31
1450303,31
1450204,31
1470003,4
1470016,4
1470011,4
1470009,4
1470012,4
1470013,4
1470004,4
1470018,4
1470005,4
1470019,4
1470006,4
1470010,4
1470017,4
1470007,4
1470014,4
1470001,4
1470015,4
1470008,4
1490002,25
1490010,10
1490023,25
1490016,25
1490020,25
1490009,25
149001E,25
1490003,25
1490017,25
1490021,25
1490004,25
1490013,25
1490022,25
1490011,10
1490005,10
149001N,25
1490006,25
1490012,25
1490024,25
1490007,10
1490014,25
1490025,25
1490015,25
149001W,25
1490008,10
1490026,25
670002,1
670016,1
670011,4
670009,4
670012,4
670017,1
670021,1
67013T,4
670004,1
670018,1
670005,1
670019,1
670006,4
670007,4
670014,4
67020E,1
670001,1
670015,4
3610014,8
3610013,8
3610009,7
3610020,8
3610024,8
3610002,7
3610032,8
3610010,8
3610016,8
3610022,2
3610006,7
3610018,8
3610034,8
3610012,8
3610008,8
3610029,8
3610003,7
3610001,7
3610031,8
3610015,8
3610004,7
3610021,2
3610027,8
3610026,8
3610033,8
3610011,8
3610017,2
3610023,2
3610005,8
3610007,8
3610019,2
3610030,8
4910480,31
4910426,10
4910394,31
4910381,31
4910428,31
4910463,10
4910441,31
4910455,31
4910433,10
4910420,31
4910424,10
4910274,31
4910330,31
4910265,31
4910402,31
4910312,31
4910244,31
4910162,10
4910305,31
4910488,31
4910293,31
4910201,31
4910398,31
4910310,31
4910395,31
4910382,31
4910403,31
4910283,31
4910287,31
4910456,31
4910361,31
4910278,31
4910421,31
4910425,31
4910275,10
4910331,31
4910266,31
4910253,31
4910172,31
4910301,31
4910146,31
4910206,31
4910399,31
4910190,31
4910392,31
4910396,31
4910259,31
4910429,31
4910371,31
4910348,31
4910340,31
4910413,10
4910427,31
4910276,31
4910332,31
4910254,31
4910309,31
4910119,31
4910160,31
4910302,31
4910151,31
4910434,10
4910491,31
4910216,31
4910203,31
4910207,31
4910147,31
4910137,31
4910239,31
4910277,31
4910397,31
4910379,31
4910189,31
4910204,31
4910185,31
4910436,31
4910423,31
4910150,31
4910258,31
4910273,31
4910415,31
4910264,31
4910311,31
4910186,31
4910218,31
4910152,31
4910138,10
4910217,31
4910135,31
4910122,31
10002,5
10013,5
10020,5
10009,5
10016,5
10003,5
10017,5
10021,5
10004,5
10012,5
10022,5
10011,5
10018,5
10005,5
10023,5
10019,5
10006,5
10010,5
10024,5
10007,5
10014,5
10001,5
10015,5
10008,5
30001,11
30003,11
30002,2
30004,2
50035,1
5014B,1
50009,1
50020,1
50004,1
50002,1
50032,1
50010,1
50037,1
5010B,1
50036,1
50001,1
50014,1
50006,1
50039,1
50025,1
50013,1
50034,1
50003,1
50012,1
5008B,1
50029,1
50024,1
50018,1
50022,1
5017B,1
50021,1
5011B,1
50026,1
5036B,1
50033,1
50008,1
50011,1
50017,1
50023,1
50005,1
50007,1
50019,1
50030,1
110301,13
110202,13
110101,13
110403,13
110401,13
110302,13
110201,13
110404,13
110402,13
110303,13
150312,10
150415,14
150205,10
150101,10
150319,10
150102,10
150416,10
150207,10
150211,10
150413,10
150104,10
150208,10
150417,10
150210,10
150209,10
150314,10
150418,14
190407,21
190410,21
190306,21
190101,21
190409,21
190203,21
190305,21
190102,21
190408,21
190204,21
230001,13
230004,13
250002,15
250016,15
250011,15
250009,15
250003,15
250017,15
250004,15
250013,15
250018,15
250005,15
250019,15
250006,15
250010,15
250014,15
250001,15
250012,15
250008,15
310202,11
310304,11
310401,21
310302,11
310201,21
310102,21
310402,21
310303,11
33003A,11
33004B,11
33004A,19
33003B,11
350011,17
350006,17
350004,17
350008,17
350002,17
350012,17
350007,17
350013,17
350010,17
350005,17
350009,17
350014,17
350003,17
350015,17
350001,17
350016,17
430006,23
430004,23
430008,23
430002,23
430007,23
430005,23
430003,23
430001,23
450001,13
450006,13
450003,13
450002,13
450004,13
470006,15
470004,15
470008,15
470002,15
470007,15
470005,15
470009,15
470003,15
470001,15
490204,11
490308,11
490410,11
490316,11
490101,11
490417,11
490303,11
490113,11
490109,11
490214,11
490318,11
490215,11
490411,11
490306,11
490202,11
490105,11
490307,11
490212,11
530002,11
530013,31
530020,11
530009,11
530016,31
530003,11
530017,11
530021,11
530004,11
530015,31
530018,11
530005,11
530014,11
530023,11
530019,11
530006,11
530010,11
530007,11
530011,11
530001,11
530012,31
530008,11
530022,11
550204,25
550100,25
550406,25
550302,25
550403,25
550205,25
550101,25
550303,25
550405,25
550206,25
550401,25
550305,25
550102,25
550304,25
550207,25
550103,25
550105,25
550201,25
550400,25
550402,25
550202,25
550404,25
550203,25
550104,25
550106,25
570002,14
570016,14
570020,14
570009,14
570003,14
570017,14
570021,14
570004,14
570012,14
570013,14
850047,3
850136,3
850096,4
850014,3
850103,3
850119,3
850043,4
850022,4
850111,3
850164,3
850038,4
850017,4
850050,3
850089,3
850073,3
850124,3
850178,4
850024,3
850002,4
850036,3
850137,3
850010,4
850037,4
850142,3
850015,3
850104,3
850061,3
850039,3
850128,4
850173,3
850074,3
850179,4
850087,4
850130,3
850086,3
850108,3
850176,3
850011,4
850100,4
850085,3
850092,4
850045,4
850016,4
850143,3
850159,4
850062,3
850151,3
850078,3
850129,4
850101,3
850171,4
850156,3
850144,4
850075,3
850126,3
850026,3
850080,4
850122,3
850079,3
850070,3
850004,4
850131,3
850132,3
850012,3
850028,3
850093,4
850116,3
850055,3
850106,4
850042,4
850063,3
850152,3
850163,4
850168,4
850113,4
850040,4
850157,3
850030,4
850008,4
850076,3
850165,4
850081,3
850023,3
850005,4
850170,4
850059,4
850148,4
850013,4
850140,4
850029,4
850094,3
850019,3
850107,3
850064,3
850153,4
850169,3
850031,3
850120,3
850009,4
850077,3
850166,4
850082,3
850134,4
850098,4
850044,3
850133,4
850090,3
850149,4
850052,3
850141,3
850068,3
850095,4
850057,4
850146,4
850006,4
850065,3
850154,3
850125,4
850051,3
850032,3
850121,3
850048,3
850167,3
850025,3
850099,3
850007,4
850172,4
850091,3
850053,3
850069,3
850158,4
850155,4
850105,3
850147,4
850020,4
850066,3
850162,4
850114,4
850003,4
850112,3
850071,3
850049,3
850138,3
850060,4
850127,4
850072,3
850084,3
850046,3
850135,3
294110,20
294005,20
294040,20
292036,20
294125,21
294018,20
294041,21
292144,20
294139,21
294015,20
294039,20
294136,21
850097,3
850018,4
850118,3
850035,4
850021,3
850110,3
850067,3
850145,4
850115,3
850088,3
850034,3
850161,4
850139,3
850058,3
850001,3
970002,26
970009,4
970017,13
970021,13
970035,13
970018,13
970005,26
970015,13
970030,26
970006,26
970004,13
970037,26
970007,4
970014,12
970001,26
970033,13
970034,26
2150113,15
2150100,28
2150036,15
2150127,15
2150114,15
2150101,15
2150018,15
2150023,15
2150010,28
2150137,15
2150050,15
2150015,15
2150002,15
2150006,15
2150088,15
2150133,15
2150125,15
2150030,15
2150032,15
2150077,15
2150097,15
2150084,15
2150091,15
2150115,15
2150069,15
2150079,15
2150140,15
2150061,15
2150051,28
2150072,15
2150076,15
2150132,15
2150067,15
2150054,15
2150041,15
2150055,15
2150042,15
2150046,15
2150102,28
2150037,15
2150024,15
2150011,15
2150104,15
2150033,15
2150016,15
2150003,15
2150007,15
2150106,15
2150105,15
2150090,15
2150118,15
2150108,15
2150034,15
2150031,15
2150009,15
2150081,15
2150085,15
2150135,15
2150021,15
2150141,15
2150058,15
2150094,28
2150073,15
2150060,15
2150064,15
2150143,15
2150124,15
2150111,15
2150028,28
2150117,15
2150056,15
2150043,15
2150116,15
2150103,28
2150107,15
2150053,15
2150012,28
2150017,15
2150004,15
2150119,15
2150126,15
2150131,15
2150045,15
2150138,15
2150025,15
2150098,28
2150089,15
2150120,15
2150110,15
2150095,28
2150068,15
2150128,28
2150019,15
2150070,15
2150074,15
2150130,15
2150134,15
2150052,15
2150038,15
2150112,15
2150029,28
2150026,15
2150057,15
2150044,15
2150139,15
2150035,15
2150022,15
2150008,15
2150013,15
2150048,28
2150121,15
2150027,15
2150014,15
2150001,15
2150005,15
2150020,28
2150063,28
2150109,15
2150075,15
2150065,15
2150123,15
2150099,15
2150059,15
2150092,15
2150096,15
2150083,15
2150087,15
2150047,15
2150136,15
2150078,28
2150142,15
2150049,15
2150039,15
2150129,15
2150071,15
2150144,15
2150062,15
2150066,15
2150122,28
2150040,15
2910014,2
2910013,2
2910035,2
2910009,8
2910020,2
2910004,14
2910002,8
2910032,2
2910010,2
2910016,8
2910036,2
2910001,8
2910006,14
2910018,2
2910025,2
2910034,2
2910003,2
2910012,2
2910008,2
2910029,2
2910024,14
2910031,2
2910015,8
2910022,14
2910021,2
2910027,2
2910026,2
2910033,2
2910011,2
2910017,2
2910028,2
2910023,2
2910005,2
2910007,2
2910019,2
2910030,14
2930204,17
2930406,17
2930302,6
2930205,17
2930303,17
2930206,17
2930304,17
2930103,17
2930305,17
2930201,6
2930403,6
2930401,6
2930202,6
2930404,17
2930203,17
3090045,17
3090032,17
3090018,17
3090023,17
3090010,17
3090060,17
3090050,17
3090015,17
3090002,17
3090006,17
3090086,17
3090080,17
3090084,17
3090079,17
3090072,17
3090076,17
3090063,17
3090067,17
3090054,17
3090041,17
3090055,17
3090042,17
3090046,17
3090033,17
3090019,17
3090024,17
3090011,17
3090016,17
3090003,17
3090007,17
3090062,17
3090088,17
3090009,17
3090081,17
3090085,17
3090058,17
3090073,17
3090077,17
3090064,17
3090051,17
3090028,17
3090056,17
3090043,17
3090030,17
3090034,17
3090021,17
3090025,17
3090012,17
3090017,17
3090004,17
3090090,17
3090082,17
3090049,17
3090068,17
3090070,17
3090074,17
3090061,17
3090065,17
3090052,17
3090038,17
3090029,17
3090026,17
3090057,17
3090044,17
3090036,17
3090035,17
3090022,17
3090008,17
3090013,17
3090048,17
3090027,17
3090014,17
3090001,17
3090005,17
3090020,17
3090091,17
3090089,17
3090092,17
3090083,17
3090087,17
3090047,17
3090037,17
3090078,17
3090059,17
3090069,17
3090039,17
3090071,17
3090075,17
3090031,17
3090066,17
3090053,17
3090040,17
3390045,2
3390032,8
3390036,8
3390023,8
3390010,8
3390050,8
3390015,8
3390002,8
3390006,8
3390077,8
3390080,8
3390084,2
3390079,10
3390072,8
3390076,8
3390063,8
3390067,8
3390054,2
3390041,2
3390055,8
3390042,8
3390046,2
3390033,8
3390019,8
3390024,8
3390011,8
3390016,2
3390003,10
3390007,8
3390009,17
3390081,8
3390085,8
3390058,8
3390073,8
3390060,8
3390064,8
3390051,8
3390028,10
3390056,8
3390043,8
3390030,17
3390034,8
3390021,8
3390025,8
3390012,8
3390018,10
3390017,8
3390004,8
3390082,8
3390049,8
3390068,2
3390070,8
3390074,8
3390061,10
3390065,10
3390052,2
3390038,8
3390029,10
3390026,8
3390057,8
3390044,8
3390031,8
3390035,2
3390022,8
3390008,8
3390013,8
3390048,8
3390027,8
3390014,8
3390001,8
3390005,17
3390020,8
3390083,8
3390047,2
3390037,2
3390078,8
3390059,8
3390069,8
3390039,8
3390071,8
3390075,8
3390062,8
3390066,10
3390053,2
3390040,8
3950011,17
3950006,17
3950022,17
3950004,17
3950008,17
3950002,17
3950016,17
3950007,10
3950003,17
3950019,17
3950005,17
3950013,17
3950023,17
3950001,17
3950018,17
4090002,15
4090013,15
4090020,27
4090009,27
4090016,15
4090003,15
4090025,27
4090017,15
4090021,15
4090004,15
4090028,15
4090012,15
4090011,15
4090018,15
4090005,15
4090029,15
4090023,27
4090030,15
4090022,15
4090010,15
4090019,27
4090027,15
4090031,15
4090007,15
4090014,15
4090024,27
4090032,15
4090001,15
4090015,27
4090008,27
4090026,27
4230066,1
4230045,1
4230032,1
4230036,1
4230023,1
4230010,1
4230050,1
4230015,1
4230002,1
4230006,1
4230077,1
4230072,1
4230076,1
4230063,1
4230067,1
4230054,1
4230041,1
4230055,1
4230042,1
4230046,1
4230033,1
4230019,1
4230024,1
4230011,1
4230016,1
4230003,1
4230007,1
4230062,1
4230009,1
4230058,1
4236301,1
4237301,1
4230073,1
4230060,1
4230064,1
4230051,1
4230028,1
4230056,1
4230043,1
4230030,1
4230034,1
4230021,1
4230025,1
4230012,1
4230018,1
4230017,1
4230004,1
4233401,1
4230049,1
4230068,1
4230070,1
4230074,1
4230061,1
4230065,1
4230052,1
4230038,1
4230029,1
4230057,1
4230044,1
4230026,1
4230035,1
4230022,1
4230008,1
4230013,1
4230027,1
4230014,1
4230001,1
4230005,1
4230020,1
4230047,1
4230037,1
4230059,1
4230069,1
4230039,1
4230071,1
4230075,1
4230031,1
4230048,1
4230053,1
4230040,1
4550002,6
4550016,6
4550020,6
4550009,1
4550012,6
4550017,8
4550004,6
4550011,8
4550003,8
4550005,8
4550018,1
4550019,6
4550006,6
4550010,6
4550007,6
4550014,8
4550001,6
4550015,6
4550008,6
4790255,28
4790221,28
4790124,28
4790447,28
4790220,28
4790404,28
4790218,28
4790132,28
4790343,28
4790219,28
4790405,28
4790416,28
4790449,15
4790237,15
4790401,28
4790311,28
4790406,28
4790423,28
4790239,28
4790250,28
4790345,28
4790133,28
4790212,28
4790446,28
4790130,28
4790403,28
4790128,28
4790135,28
4790342,28
4790309,28
4790341,28
4790359,28
4790215,28
4790458,28
4790225,28
4790313,28
4790353,28
4790231,28
4790310,28
4790227,28
4790226,28
4790238,15
4790344,28
4790254,28
4790417,28
4790122,28
4790448,28
4790356,28
4790402,28
4790134,28
4790407,28
4790236,15
4790451,28
4790457,23
4790308,28
4790340,28
4790414,28
4790129,28
4790452,28
570022,14
570011,14
570018,14
570005,14
570023,14
570019,14
570006,14
570010,14
570007,14
570014,14
570025,14
570001,14
570015,14
570008,14
590001,13
590006,19
590003,19
590005,19
590002,19
590007,11
590004,11
631001,1
634004,1
633003,1
632002,4
1950006,13
1950004,13
1950002,13
1950007,13
1950005,13
1950009,13
1950003,13
1950001,13
1970001,13
1970003,13
1970301,13
1970002,13
1970004,13
1990002,8
1990016,2
1990009,8
1990003,8
1990017,8
1990004,8
1990013,8
1990012,8
1990018,8
1990005,8
1990014,2
1990019,2
1990006,8
1990010,8
1990007,8
1990011,8
1990001,8
1990015,2
1990008,8
2050401,13
2050301,13
2050202,13
2050102,13
2050201,13
2050101,13
2070006,13
2070004,13
2070008,13
2070002,13
2070010,13
2070005,13
2070009,13
2070003,13
2070001,13
2110301,13
2110202,13
2110101,13
2110401,13
2110302,13
2110201,13
2110402,13
2110303,13
2130002,5
213002E,5
2132GBS,5
21302PS,5
213004F,5
2130003,5
213004S,5
213003C,1
2132GBN,5
21304MS,5
2130004,5
21301MN,5
213001S,5
213001M,5
21304LA,5
21304BV,1
21304SE,5
21301TC,5
213003B,5
21304CC,1
21303WS,1
21304LR,5
21301CR,5
21304NY,5
213004P,5
213003M,5
213004W,5
213004A,5
213001T,5
213003N,5
213001A,5
2170002,17
2170023,17
2170013,17
2170020,17
2170009,17
2170016,17
2170003,17
2170021,17
2170004,17
2170022,17
2170018,17
2170005,17
2170015,17
2170019,17
2170006,17
2170010,17
2170027,17
2170007,17
2170014,17
2170024,17
2170001,17
2170012,17
2170008,17
2210011,17
2210006,17
2210004,17
2210008,12
2210002,17
2210012,12
2210007,12
2210010,17
2210005,17
2210009,12
2210013,17
2210003,17
2210015,12
2210014,17
2210001,12
2210016,17
2250002,6
2250010,17
2250016,6
2250011,6
2250009,17
2250003,6
2250017,17
2250021,1
2250004,6
2250012,6
2250018,6
2250005,5
2250019,6
2250006,5
2250020,5
2250007,6
2250014,6
2250001,6
2250015,5
2250008,5
2250022,6
229003N,23
229003S,23
2290002,23
2290004,2
2310324,4
2310213,4
2310326,4
2310429,4
2310432,4
2310102,4
2310321,4
2310216,4
2310105,4
2310103,4
2310218,4
2310434,4
2310323,4
2310212,4
2310215,4
2310319,4
2310107,4
2310431,4
2310320,4
2310436,4
2310109,4
2310325,4
2310104,4
2310427,4
2310110,4
2310101,4
2310433,4
2310322,4
2310211,4
2310217,4
2310428,4
2310106,4
2310430,4
2310214,4
2310435,4
2310108,4
2330011,13
2330042,13
2330014,13
2330031,13
2330033,13
2330041,13
2330023,13
2330021,13
2350302,11
2350200,11
2350100,11
2350301,11
2370001,12
2370006,13
2370003,13
2370005,13
2370002,12
2370004,13
2390006,14
2390004,14
2390008,14
2390002,14
2390007,14
2390005,14
2390009,14
2390003,14
2390001,14
2410002,1
2410016,8
2410020,8
2410009,8
2410017,8
2410021,8
2410004,1
2410013,8
2410005,8
2410015,8
2410019,8
2410006,8
2410010,8
2410007,8
2410011,8
2410001,1
2410008,8
2430001,23
2430003,23
2430002,23
2470001,15
2470003,15
2470005,28
2470002,15
2470004,28
2490002,15
2490013,15
2490011,15
2490009,15
2490016,15
2490003,15
2490017,15
2490004,15
2490012,15
2490018,15
2490005,15
2490019,15
2490006,15
2490010,15
2490020,15
2490007,15
2490014,15
2490001,15
2490015,15
2490008,15
2490022,15
2510035,17
2510013,17
2510009,17
2510020,17
2510025,17
2510002,17
2510032,17
2510010,17
2510016,17
2510022,17
2510014,17
2510006,17
2510018,17
2510003,17
2510012,17
2510008,17
2510029,17
2510024,17
2510001,12
2510031,17
2510015,17
2510004,17
2510021,17
2510027,17
2510026,17
2510033,17
2510011,17
2510017,17
2510028,17
2510023,17
2510005,17
2510007,17
2510019,17
2510030,17
2530011,13
2530006,13
2530012,13
2530004,13
2530008,13
2530002,13
2530014,13
2530007,13
2530010,13
2530001,13
2530009,13
2530003,13
2530005,13
2530013,13
2550011,15
2550014,15
2550004,15
2550008,15
2550002,15
2550006,15
2550012,15
2550015,15
2550007,15
2550010,15
2550005,15
2550009,15
2550013,15
2550003,15
2550001,15
2570014,5
2570042,5
2570009,5
2570041,5
2570025,5
2570020,4
2570032,4
2570010,5
2570037,5
2570006,5
2570039,5
2570034,5
2570003,5
2570012,5
2570016,5
2570008,4
2570040,4
2570029,5
2570024,5
2570018,5
2570015,5
2570004,5
2570021,5
2570027,4
2570026,5
2570038,5
2570033,5
2570011,5
2570017,5
2570023,5
2570005,5
2570007,5
2570019,5
2570030,5
25906-3,11
25903-3,11
293036,23
291100,20
292097,20
293104,21
294004,20
292123,20
292035,20
294035,21
293053,20
294071,21
291112,20
294112,21
292122,20
291096,20
292121,20
294047,20
292034,20
293021,21
292065,23
293052,21
291027,20
291106,20
294106,20
292078,20
292124,20
294046,20
293173,21
294135,20
294082,20
293143,23
294045,20
294134,20
294119,20
294010,20
293110,21
294123,20
294044,21
292118,21
293172,23
294043,20
291001,20
293001,21
294001,20
293057,20
292132,20
294132,21
294147,21
293085,21
292135,20
293122,21
294122,20
294131,21
293061,21
292146,20
293150,20
291013,20
294183,21
291031,20
294075,20
294011,20
294126,21
292055,21
294087,21
130003,28
130021,28
130004,15
130018,28
130014,28
130019B,28
70001B,14
70003,14
7004A,14
70002A,14
7001A,14
70004,14
2190034,19
2190043,19
2190032,19
2270205,19
2270024A,19
2270025,19
2270034,19
2450051,2
3250003,23
3250002,21
3250019,23
3250020,23
3250001,23
1090001A,23
10903-5,23
1090004,23
3470033A,1
3470016,1
3470024,1
3470034,1
3470043,1
3470018,1
3470017,1
3470027,1
3470031,1
3470032,1
323001A,23
323004B,23
323002BA,23
323001C,23
1630006,23
1630004A,28
1630008,23
1630002,28
1630010,23
1630005,23
1630009,28
1630001,28
214015,10
214008,10
211013,10
211021,10
214002,10
214006B,10
1132326B,5
1132315,5
1132328,5
1810039,4
1810013,4
1810058,4
1810020,4
1810002,4
1810010,4
1810044,4
1810018,4
1810024,4
1810045B,4
1810017,4
1810023,4
1810019,4
1132325,5
1132330,30
1132327,5
3670230,12
3670205,12
3670300,12
2010186,18
3510016,8
3510018,4
3510019,8
3510007,4
3510015,8
3510008A,8
3510022,8
1370003,23
1370005B,21
1370002,21
3550113,27
3550114,27
3550018,27
1210139,3
1210203,3
1210221,3
1210226A,3
1670334,14
1670227,14
1670278,22
167226A,14
25902-2,21
25909-1,21
25908-2,21
25910-4,21
25901-1,21
25904-3,21
25911-1,21
25907-4,21
2610001,27
2610006,27
2610003,15
2610005,27
2610002,15
2610004,15
2630302,11
2630301,19
2630201,19
2630101,13
2650312,21
2650308,21
2650107,21
2650410,11
2650101,21
2650303,11
2650406,21
2650113,21
2650109,21
2650211,21
2650320,21
2650416,21
2650215,21
2650417,21
2650202,21
2650118,21
2650404,11
2650314,21
2650119,21
2650405,21
2670009,11
2670006,11
2670002,11
2670007,11
2670004,11
2710001,23
2710003,23
2710002,23
2710004,23
2730033,27
2730013,27
2730011,27
2730012,27
2730014,27
2730021,27
2730035,15
2730042,27
2730022,27
2730043,27
2730023,27
2730041,27
2730024,27
2730031,27
2730045,27
2730044,27
2730025,15
2730032,27
2730015,27
2730034,27
2750004,13
2750008,13
275006N,13
2750005,13
2750003,13
275006S,13
2790006,19
2790008,19
2790002,19
2790012,19
2790007,19
2790010,19
2790005,19
2790003,19
2790001,19
2810006,11
2810004,11
2810008,31
2810002,11
2810007,11
2810010,11
2810005,31
2810009,11
2810003,11
2810001,31
2830001,23
2830006,23
2830003,28
2830002,28
2850002,25
2850016,14
2850020,14
2850009,15
2850015,25
2850017,25
2850029,25
2850023,25
2850030,15
2850019,25
2850027,25
2850031,25
2850007,25
2850011,25
2850032,15
2850001,25
2850012,25
2850008,25
2850026,15
2870301,10
2870202,10
2870103,10
2870405,10
2870101,10
2870403,10
2870304,10
2870401,10
2870302,10
2870203,10
2870201,10
2870102,10
2870404,10
2870402,10
2870303,10
2890011,6
2890006,17
2890004,17
2890008,17
2890014,6
2890012,5
2890007,17
2890010,6
2890005,6
2890009,6
2890013,6
2890003,17
2890001,6
2890002,6
2950106,13
2950404,13
2950202,13
2950409,13
2950207,13
2950303,13
2950308,13
2970011,15
2970014,15
2970004,15
2970008,15
2970002,15
2970006,15
2970012,15
2970007,15
2970010,15
2970001,15
2970009,15
2970003,15
2970005,15
2970013,15
2990109,11
2990410,11
2990101,11
2990205,11
2990203,11
2990108,11
2990307,11
2990102,11
2990204,11
3010001,11
3010003,2
3010002,11
3010004,2
3110001,28
311004B,28
311004A,15
311002B,28
3130407,17
3130306,17
3130101,17
3130203,17
3130102,17
3130305,17
3130408,17
3130204,17
3150006,1
3150004,1
3150008,1
3150002,1
3150007,1
3150010,1
3150005,1
3150009,1
3150003,1
3150001,1
3170001,11
317003A,11
3170003,11
317004A,11
3170002,11
3170004,11
3190405,11
3190210,11
3190101,11
3210002,14
3210013,14
3210009,14
321001E,14
3210012,14
321003B,14
321001F,14
3210004,14
321001D,14
3210005,14
3210006,14
3210010,14
321001B,14
321001C,14
3210007,14
321003A,14
3210008,14
321001A,14
3270001,11
3270006,11
3270005,11
3270002,11
3270004,11
3290404,11
3290204,11
3290210,11
3290305,11
3290201,11
3290206,11
3290212,11
3290307,11
3290408,11
3290208,11
3290403,11
3290203,11
3290304,11
3290104,11
3290310,11
3290405,11
3290205,11
3290211,11
3290306,11
3290303,11
3290402,11
3290202,11
3290207,11
3290308,11
3310105,31
3310419,10
3310103,31
3310212,31
3310101,31
3310210,17
3310318,10
3310317,10
3310420,31
3310316,10
3310207,31
3330011,11
3330006,31
3330004,11
3330008,11
3330002,11
3330007,11
3330005,31
3330009,11
3330003,31
3330001,11
3350001,11
3350046,11
3350002,11
3350003,11
3350025,11
3350004,11
3370011,13
3370006,13
3370012,13
3370004,13
3370008,12
3370002,12
3370014,13
3370007,12
3370010,13
3370005,13
3370009,13
3370003,13
3370015,13
3370013,13
3370016,13
3410301,13
3410401,13
3410203,13
3410202,13
3410201,13
3410101,13
3410402,13
3430202,4
3430103,4
3430101,4
3430401,4
3430302,4
3430203,1
3430102,4
3430402,4
3430303,4
3450001,13
3450006,13
3450003,13
3450005,13
3450002,13
3450004,13
3490303,17
3490103,6
3490209,6
3490404,17
3490204,6
3490305,6
3490105,6
3490401,6
3490400,6
3490406,6
3490200,6
3490206,6
3490307,6
3490107,6
3490208,6
3490403,6
3490203,5
349400A,6
3490201,6
3490109,5
3490304,6
3490104,6
3490405,6
3490205,6
3490101,6
3490301,6
3490300,6
3490306,6
3490106,6
3490402,6
3490202,6
3490207,5
3490308,6
3490108,5
3570001,13
3570003,13
3570002,13
3570004,13
3590103,13
3590404,13
3590202,13
3590403,13
3590303,13
3590101,13
3590203,13
3630002,12
3630016,13
3630020,13
3630009,13
3630003,13
3630017,13
3630021,12
3630004,12
3630012,12
3630028,13
3630013,13
3630022,12
3630018,13
3630005,31
3630014,13
3630029,13
3630023,12
3630030,13
3630019,13
3630006,31
3630010,12
3630024,13
3630027,13
3630007,13
3630011,13
3630025,13
3630001,13
3630015,12
3630008,17
3630026,13
3650002,1
3650013,1
3650020,1
3650009,1
3650003,1
3650017,1
3650028,1
3650022,1
3650018,1
3650005,1
3650029,1
3650019,1
3650010,1
3650027,1
3650007,1
3650014,1
3650001,1
3650012,1
3650008,1
3650026,1
3690301,3
3690202,19
3690101,19
3690401,19
3690302,19
3690203,3
3690201,3
3690402,19
3690303,19
3710006,23
3710004,23
3710002,23
3710007,23
3710010,23
3710005,23
3710001,23
3730002,8
3730016,8
3730020,8
3730009,8
3730003,8
3730013,8
3730004,8
3730012,8
3730018,8
3730005,8
3730014,8
3730019,8
3730006,6
3730017,8
3730007,8
3730011,8
3730001,8
3730015,8
3730008,8
3750221,13
3750124,13
3750427,13
3750326,13
3750222,13
3750125,13
3750223,13
3750126,13
3750321,13
3750224,13
3750426,13
3750421,13
3750225,13
3750121,13
3750423,13
3750323,13
3750322,13
3750424,13
3750327,13
3750122,13
3750425,13
3750324,13
3750422,13
3750123,13
3750325,13
3770001,23
3770006,23
3770003,23
3770005,23
3770002,23
3770007,23
3770004,23
3790001,4
3790003,4
3790011,4
3790005,4
3790002,4
3790010,4
3790007,4
3810332,13
3810429,13
3810131,13
3810113,13
3810114,13
3810305,13
3810309,13
3810112,13
3810230,13
3810304,13
3810219,13
3810227,13
3810306,13
3810426,13
3810415,13
3810416,13
3810111,13
3810110,13
3810208,13
3810417,13
3810421,13
3810222,13
3810228,13
3810324,13
3810220,13
3810307,13
3810123,13
3810418,13
3810325,13
3850001,21
3850003,21
3850005,21
3850002,21
3850004,21
3890011,11
3890006,23
3890004,23
3890008,2
3890002,23
3890012,23
3890007,23
3890010,23
3890005,23
3890003,23
3890001,23
391004B,14
391001A,15
3910004,15
3910002,15
391004A,14
3910003,14
391003A,15
391002A,15
3930001,13
3930003,13
39304-1,13
39304-2,13
3930002,13
4010112,1
4010315,1
4010114,1
4010316,1
4010302,1
4010404,1
4010303,1
4010405,1
4010215,1
4010317,1
4010113,1
4010214,1
4010318,1
4010416,1
4010201,1
4010212,1
4010319,1
4010417,1
4010213,1
4010314,1
4010418,1
4010111,1
4050011,1
4050006,1
4050004,1
4050008,1
4050002,1
4050007,1
4050005,1
4050003,1
4050001,1
4110001,11
411003A,11
411004B,11
411004A,11
411002B,11
411003B,11
4130003,11
4130004,11
4150011,11
4150006,11
4150014,11
4150008,11
4150012,11
4150007,11
4150010,11
4150005,11
4150009,11
4150015,11
4150013,11
4190006,1
4190004,1
419001N,1
419009N,1
4190002,1
419009S,1
4190007,1
4190005,1
41901SE,1
4190003,1
41901SW,1
419001S,1
4190008,1
419001W,1
4210401,13
4210302,13
4210202,13
4210102,13
4210101,13
4210201,13
4210301,13
4250001,17
4250006,17
4250003,17
4250005,17
4250002,17
4250004,17
4270006,28
4270004,15
4270008,28
4270002,28
4270007,28
4270010,28
4270005,28
4270009,15
4270003,28
4270001,28
4290001,19
4290006,13
4290003,13
4290005,19
4310003,11
4310002,11
4310004,11
4330001,13
4330004,13
4370011,13
4370006,13
4370004,13
4370002,13
4370012,13
4370007,13
4370010,13
4370009,13
4370003,13
4370001,13
4410303,19
4410103,19
4410404,19
4410204,13
4410305,19
4410105,19
4410401,19
4410201,19
4410406,19
4410206,13
4410302,19
4410102,19
4410307,19
4410408,19
4410107,19
4410403,19
4410203,19
4410109,19
4410304,19
4410104,19
4410405,19
4410110,11
4410205,13
4410301,19
4410101,19
4410306,19
4410106,19
4410402,19
4410202,19
4410407,19
4410207,13
4410308,19
4410108,19
44504-4,19
44503-3,19
44503-6,19
44502-8,19
44502-2,19
44504-5,19
44501-1,11
44501-7,19
4470001,13
4474006,13
4470002,13
4473003,13
4474005,13
4490002,4
4490016,4
4490020,4
4490009,4
4490003,4
4490017,4
4490004,4
4490011,4
4490018,4
4490005,4
4490015,4
4490019,4
4490006,4
4490010,4
4490007,4
4490014,4
4490001,4
4490012,4
4490008,4
4510146,11
4510124,11
4510352,11
4510459,11
4510131,11
4510348,11
4510304,11
4510423,11
4510432,11
4510319,11
4510401,11
4510253,11
4510327,11
4510442,11
4510215,11
4510338,11
4510249,11
4510126,11
4510103,11
4510138,11
4510155,11
4510435,11
4510317,11
4510434,11
4510145,11
4510305,11
4510402,11
4510307,11
4510358,11
4510351,11
4510241,11
4510240,11
4510157,11
4510114,11
4510436,11
4510147,11
4510421,11
4510225,11
4510243,11
4510350,11
4510209,11
4510316,11
4510429,11
4510110,11
4510137,11
4510433,11
4510220,11
4510144,11
4510211,11
4510306,11
4510213,11
4510106,11
4510228,11
4510422,11
4510156,11
4510112,11
4510230,11
4510254,11
4510108,11
4570002,8
4570016,8
4570011,8
4570009,8
4570003,8
4570013,8
4570004,8
4570018,8
4570005,8
4570006,8
4570010,8
4570017,8
4570007,1
4570014,8
4570001,8
4570015,8
4570008,8
790202,19
790306,19
790303,2
4590011,1
4590014,1
4590004,1
4590008,1
4590001,1
4590017,1
4590006,1
4590012,1
4590007,1
4590019,1
4590005,1
4590009,1
4590015,1
4590013,1
4590016,1
4610006,11
4610002,11
4630011,23
4630014,21
4630004,21
4630008,23
4630001,23
4630006,21
4630012,23
4630007,23
4630010,23
4630005,23
4630009,23
4630003,21
4630013,23
4630002,23
4670002,5
4670013,4
4670020,4
4670009,5
4670003,5
4670021,5
4670004,5
4670028,5
293088,21
293165,21
293007,21
294007,20
291030,20
293056,23
292038,20
291029,20
293029,23
293146,20
294009,20
293121,21
294159,21
294091,21
291008,20
294008,20
294006,20
293114,21
293022,21
292109,21
293109,23
292033,20
294017,20
292098,20
293090,21
435301AA,11
4350401,11
435201B,11
435301B,11
4350101,11
435201A,11
3870003,4
3870018,4
3870024,4
3870014,4
3870001,4
3830001,11
3830003B,11
3830002,11
3830004,11
2190011,19
2190045A,19
2190015,19
2190035,19
2190046,19
2190016,19
2771A3BA,4
277002E,4
2771A5A,4
277001E,4
2772A1A,4
277001F,4
2773H3C,4
2772B2AA,4
2772C3A,4
277001C,4
277001D,4
2450045,2
2450101,2
2450060,2
2450042,2
2450032,7
2450115,2
2450041,2
2450076,7
2450055,2
2450046A,2
2450102,2
2450033,2
2450105,2
2450097A,2
2450081,2
2450058,2
2450111,2
2450034A,2
2450103A,14
2450098,2
2450082,2
2450070,2
2450029,14
2450057,2
2450096,2
2450047,2
2450059,2
2450071,2
1030001B,11
1030003,11
1030002,11
1030004,11
2090315,21
2090442,25
2090114,25
2090224A,25
2090113,25
2090120,25
2090443,25
2090116,25
2090110A,21
2090226,25
2090228,25
2090112,25
2090230,25
3250016,23
3250013A,23
3250022,23
3250018,23
3250005,23
3250006,23
3250017,23
3250015,23
4170404,13
4170307,19
4170202,13
4170405,13
4170406A,19
4170303,19
4170101,19
4770208,10
4770406,10
4770115,10
4770102,10
4770116,10
4770231,10
4770109,10
4770104,10
4770133,10
4770203,10
410032,17
410080,17
410031,17
410041,17
410033,17
41002B,17
41028A,17
41028B,17
41035A,17
410082,17
410068,17
410074,17
410008,17
410001,10
41035BA,17
41002AA,17
41027A,17
410039,17
410062,17
410040,17
3030002A,19
3030006,19
3030053,19
3030133,19
3030031,19
3030076,19
3030063,19
3030046,19
3030115,19
3030033,19
3030058,19
3030064,19
3030051,19
3030111,19
3030056,19
3030043,19
3030034,19
3030004,19
3030120,19
3030132,19
3030134,19
3030112,19
3030057,19
3030044,19
3030117,19
3030104,19
3030005,19
3030065,19
3030092,19
3030069,19
3030129,19
4070004,8
4070002,2
4070010,8
4070013,2
4070001,8
610032,15
610009,27
610049,27
610033,15
610011,27
61034A,15
610056,15
610030,15
610034,15
610012,27
61034B,15
610035,15
610047,27
610075,27
610062,27
610048,27
1571114,22
1571010,14
1571002,14
1573053,22
1573143,14
1572140,9
1572061,22
1573132,14
1573144,14
1571003,14
1571007,14
1571025,22
1571013,22
1571012,22
1571015,14
1572108,22
1571024,14
1573133,14
1571118,22
1571008,14
1571103,22
1573095,14
1571097,22
1571054,14
323002A,23
323004D,23
3050006,19
3050004,19
3050014,19
3050012,19
3050007,19
3050005,11
3050009,19
3050013,19
3050003,11
3050001B,19
2690001,13
2690003B,13
2690002,13
2690004B,13
1134212,30
1131238,30
1131204,30
1133534,30
1133527,30
1133103,30
1134211,24
1134400,24
1133213,30
1134104,24
1131202,30
1133102,30
1133544,30
1132507,3
1133205,30
1134405,30
1132602,4
1133101,30
1134200,24
1810014,4
1810015,4
1810011,4
1810028,4
1810064,4
1810030,4
1573130,14
1573038,14
1572117,22
1573022,9
1573014,14
1573005,14
1571039,22
1572096,22
1573083,14
1573057,14
1571021,14
1132225,30
1134402,24
1133548,30
1132503,3
1133214,30
1133535,30
1134213,30
2010134,9
2010854,18
2010103,14
2010036,9
2010801,22
2010369,18
2010034,7
2010308,22
2010528,18
2010379,9
2010802,7
2010876,10
2010318,9
2010164,18
2010275,9
2010834,2
2010607,9
2010060,7
2010849,22
2010287,7
2010063,2
2010201,18
2010672,10
2010815,9
2010531,2
2010544,18
2010257,22
2010798,9
2010137,7
2010037,7
2010047,18
2010477,10
2010167,18
2010062,18
2010220,2
2010038,7
2010066,18
2010502,2
2010046,18
2010852,18
2010482,10
2010039,7
2010820,9
2010138,18
2010040,7
2010123,7
2010857,18
2010160,18
2010139,7
2010541,7
2010458,7
2010867,18
2010851,10
2010853,10
2010387,2
2010288,9
2010208,18
4430001,23
4430003,23
4430002A,23
4430004A,23
3070402,11
1210401,26
4391601,6
4394632,12
4393035,24
4392262,6
4393626,24
4393538,24
4392522,6
4392453,6
4392305,6
4392643,6
4393384,24
4392425,6
4391515,6
4391244,6
4391184,6
4392352,6
4391293,26
4393039,24
4394418,12
4392267,6
4392219,6
4392268,6
4391301,6
4392029,6
4392644,6
4393321,24
4392618,6
4394042,12
4392506,6
4393392,24
4393542,24
1670333,22
1670258,14
1670277,22
1670225,14
1050004,23
4530277,21
4530266,10
4530145,21
4530146,21
4650033,23
4650010B,23
4650013,23
4650020,23
4650042,23
4650040,23
4650022,23
4650043,23
4650030,23
4650041B,23
4650011,23
397001AB,4
397004B,4
397003B,4
3970002,4
397002B,4
397003A,4
397001B,4
397004C,4
397004A,4
397003C,4
3970003,4
397002A,4
397001C,4
397004D,4
1150004,11
1150002,11
1150012,11
1150015,11
1150005,11
1150001,11
1150013,11
4850035,13
4850041B,13
4850039,13
4850040,13
4850031,13
4850036,13
4850045,13
37004C,4
37004B,4
37005B,4
3530011,11
3530012,11
3530004,11
1250005,13
390006,14
390021,14
1470002,4
4910484,31
4910308,31
4910149,31
4910369,31
150206,10
150103,10
330001,11
33002B,19
33002A,11
850123,3
850033,4
850109,3
850177,3
850056,4
850083,4
970022,26
970008,4
4090006,14
570024,14
2070007,13
2290001,23
2350400,11
2410014,8
2430004,23
2570022,5
2630202,13
2750002,13
275007N,13
2750001,13
275007S,13
2790011,19
2790004,19
2790009,19
2830005,28
2830004,28
3110003,15
311002A,28
3290102,11
3290103,11
3290409,11
3290410,11
3290105,11
3290401,11
3290406,11
3290302,11
3290107,11
3290309,11
3290109,11
3290110,11
3290101A,11
3290106,11
3290407,11
3710003,23
3850007,21
391002B,14
3910001,14
411002A,11
4290002,19
4290004,13
4310001,11
4330003,13
4330002,13
4510318,11
790101,19
4610001,11
4610005,11
4670005,5
4670023,5
4670019,5
4670006,4
4670010,4
4670024,5
4670007,1
4670011,5
4670001,5
4670012,5
4670008,1
4670026,5
4690014,14
4690013,14
4690035,14
4690009,14
4690020,14
4690024,14
4690004,14
4690002,14
4690032,14
4690010,14
4690016,14
4690001,14
4690006,14
4690018,14
4690025,14
4690034,14
4690012,14
4690008,14
4690029,14
4690003,14
4690031,14
4690015,14
4690022,14
4690021,14
4690027,14
4690026,14
4690033,14
4690011,14
4690017,14
4690028,14
4690023,14
4690005,14
4690007,14
4690019,14
4690030,14
4710301,8
4710204,17
4710302,8
4710403,8
4710205,8
4710101,8
4710303,8
4710206,8
4710102,8
4710304,8
4710103,17
4710402,8
4710305,17
4710201,8
4710104,17
4710401,8
4710404,8
4710203,17
4730312,10
4730205,10
4730101,10
4730309,10
4730414,10
4730206,10
4730102,10
4730415,10
4730207,10
4730103,10
4730416,14
4730313,10
4730104,10
4730208,10
4730417,14
4730310,10
4730311,10
4730418,14
475003S,11
475003N,11
4830006,13
4830004,13
4830008,13
4830002,13
4830007,13
4830010,13
4830005,13
4830009,13
4830003,13
4830001,13
4890011,27
4890006,27
4890004,15
4890008,27
4890002,27
4890012,27
4890007,15
4890010,27
4890005,15
4890009,27
4890003,27
4890001,27
4930423,28
4930419,15
4930107,23
4930424,15
4930101,28
4930315,28
4930210,28
4930316,28
4930317,28
4930102,28
4930214,15
4930318,28
4930105,23
4930420,28
4930104,28
4930208,28
4930421,28
4930213,15
4930209,15
4930211,28
4930422,28
4930212,28
4930106,23
4950301,11
4950201,11
4950101,2
4970002,12
4970016,12
4970020,12
4970009,12
4970003,12
4970013,12
4970004,12
4970012,12
4970011,12
4970018,12
4970005,12
4970027,12
4970019,12
4970006,12
4970010,12
4970017,12
4970014,12
4970025,12
4970001,12
4970015,12
4970008,12
49901-2,4
49904-2,1
49903-3,1
49903-1,5
49902-2,1
49901-3,4
49901-1,4
49904-3,4
49904-1,5
49903-2,1
49902-3,1
49901-4,1
5010305,19
5010404,19
5010202,2
5010406,19
5010303,2
5010101,19
5030006,13
5030024,19
5030022,13
5030020,19
5030007,13
5030010,13
5030005,19
5030023,13
5030016,13
5050001,28
5050003,28
505001B,28
5050002,28
505001A,28
505002A,28
5050004,28
5070001,23
5070003,23
507004A,23
5070002,23
507001A,23
5070004,23
1350303,11
1350103,11
1350209,11
1350404,11
1350204,11
1350412,11
1350105,11
1350401,11
1350311,11
1350406,11
1350206,11
1350302,11
1350102,11
1350307,11
1350107,11
1350208,11
1350403,11
1350309,11
1350203,11
1350201,11
1350109,11
1350304,11
1350405,11
1350110,11
1350205,11
1350301,11
1350202,11
1350101,11
1350306,11
1350106,11
1350402,11
1350312,11
1350407,11
1350207,11
1350108,11
2030002,1
2030013,1
2030020,1
2030009,1
2030016,1
2030003,1
2030021,1
2030012,1
2030023,1
2030019,1
2030006,1
2030010,1
2030024,1
2030007,1
2030011,1
2030025,1
2030001,1
2030015,1
2030008,1
2030022,1
1590301,4
1590202,4
1590101,4
1590401,4
1590302,4
1590201,4
1590102,4
1590402,4
1650006,2
1650004,11
1650008,19
1650002,2
1650007,19
1650005,11
1650009,19
1650003,2
1690001,19
1690006,11
1690003,13
1690005,13
1690002,19
1690004,19
1510006,13
1510018,19
1510004,11
1510022,13
1510017,11
1510012,13
1510010,13
1510013,11
1510001,19
1510002,19
1530001,13
1530009,13
1530024,19
1530018,13
1530023,13
1550401,13
1550301,13
1550201,13
1550101,13
1610011,6
1610014,6
1610003,6
1610004,6
1610008,5
1610002,6
1610006,6
1610012,5
1610015,6
1610007,6
1610010,6
1610005,6
1610009,6
1610001,5
1610013,6
1710011,11
1710006,11
1710004,11
1710008,11
1710002,11
1710012,11
1710007,11
1710014,11
1710005,11
1710009,11
1710013,11
1710003,11
1710015,11
1710001,11
1730001,11
1730003,11
1730002,11
1730004,11
1750011,15
1750042,14
1750032,15
1750022,15
1750012,14
1750021,15
1750033,15
1750041,14
1750031,15
1750043,14
1750013,15
1770011,25
1770014,15
1770008,25
17704/6,25
1770002,25
1770012,25
1770015,25
1770007,25
1770010,15
1770005,25
1770009,25
1770013,25
1770003,25
1770001,15
1790001,13
1790006,13
1790003,13
1790005,13
1790002,13
1790007,13
1790004,13
1830002,1
1830016,1
1830020,1
1830009,1
1830003,1
1830013,1
1830021,1
1830004,1
1830012,1
183008A,1
1830011,1
1830018,1
1830005,1
1830019,1
1830006,1
1830010,1
1830017,1
1830007,1
1830014,1
1830001,1
1830015,1
1830008,1
1830022,1
1850011,17
1850006,17
1850004,10
1850008,17
1850014,10
1850012,17
1850015,10
1850007,17
1850010,17
1850005,10
1850009,17
1850003,17
1850001,17
1850002,17
1890110,13
1890214,13
1890204,19
1890308,19
1890406,19
1890111,13
1890419,13
1890101,19
1890407,19
1890112,19
1890316,19
1890215,19
1890206,19
1890102,19
1890317,19
1890304,19
1890408,19
1890205,19
1890103,19
1890318,19
1890305,19
1890420,19
1890409,19
1890104,19
1890306,19
1890202,19
1890213,19
1890307,19
1890203,19
1910302,13
1910301,13
1910202,13
1910401,13
1910201,13
1910101,13
1910402,13
1930007,17
1930014,31
1930004,17
1930022,31
1930017,31
1930012,31
1930015,31
1930005,17
1930009,31
1930023,31
1930001,31
130019A,28
1090001B,23
1370005A,23
1630004B,28
3830003A,11
1132326A,5
70001A,14
70002B,14
1131244,30
1132227,30
1134406,30
410022,17
410083,17
41002C,17
410042,17
41002AB,17
214006A,10
1210226B,3
2010251,2
2010263,10
2270024B,19
2690003A,13
2690004A,13
1810045A,4
1810049A,4
323002BB,23
323002BC,23
4430004B,23
4430002B,23
3470033B,1
3510008B,4
3050001A,19
2010860,18
3030139,19
3030116,19
1571058,14
397001AA,4
2771A3BB,4
2772B2AB,4
4650010A,23
4650041A,23
4850041A,13
2010653,7
4392444,6
291090,20
292129,20
292130,20
292147,20
294117,21
294127,21
294129,20
294140,20
294186,20
61062A,27
1573142,14
2010825,9
2010831,22
41035BB,17
3290101B,11
4870001B,13
294067,20
294178,20
294163,20
4030006,1
4030004,1
4030008,1
4030002,1
4030007,1
4030005,1
4030003,1
4030001,1
4770430,10
4770232,10
4770429,10
4770428A,10
4770217,10
4810103,14
4810101A,14
4810403,14
4810203,14
4870009,13
4870019,13
4870021,13
4870007,13
4870020,13
3990006,11
3990004B,11
3990008,11
3990007,11
3990005,11
3990003,11
3990001,11
1810051,4
1810021,4
1810009,4
1810065,4
1810043,4
1810016,4
1810027,4
1810001,4
1134108A,24
1134106,24
1134404,30
1134206,24
1132502,4
3670315,12
3670425,12
3670410,12
3670460,12
3670305,12
3670400,12
3670200,12
3670345,12
3670440,12
3670450A,12
3670135,12
3670415,12
3670325,12
3670310,12
3670405A,12
3670455A,12
3670445,12
3670245,12
3670435,12
170001,19
170002,3
170004B,19
2010143,10
2010388,2
2010402,9
2010668,7
2010803,7
2010336,9
2010245,10
2010601,10
2010885,2
2010738,18
2010380,2
2010616,7
2010355,9
2010050,7
2010764,2
2010733,29
2010709,7
2010705,18
2010514,10
2010743,18
2010630,9
2010241,18
2010800,7
2010767,18
2010246,10
2010550,2
2010633,2
2010466,2
2010792,18
2010737,18
2010131,9
2010082,10
2010271,9
2010465,2
2010659,2
2010640,7
2010880,10
2010481,7
2010464,2
2010397,29
3510004,1
3070301,11
3070202,11
3070101,11
3070401,11
3070201A,11
510211,10
510215,17
2230002,4
2230003,4
2230004,4
223002A,4
223004A,4
2230001,4
223001A,4
830004,11
910404,21
1870303,28
1870206,25
1870302,28
1870307,21
1870304,28
1870205,21
1870306,28
1870308,21
1370001,11
1370004,11
3550015,27
3550080,27
3550067,27
3550024,27
3550016,27
3550120,27
3550124,27
3550017,27
3550126,27
3550090,27
3550019,14
3550065,27
3550125,27
3550026,27
3550008,27
3550109,27
3550091,27
3550089,27
3550002,27
3550092A,27
3550078,27
3550122,27
1210100,13
1210114,24
1210105,13
1210115,26
1210214,26
1210109,26
1210430,12
1210137,4
1210124,4
1210103,12
1210119,26
1210130,26
1210131,3
1210128,13
1210216,26
1210117,4
1210140,26
1210135,26
1210122,26
1410119,16
1410150,16
1410111,16
1410173,16
1410143,16
1410159,16
1410171,16
1410120,16
1410156,16
1410172,16
1410157,16
1410148,16
1410160,16
1410166,23
1410149,16
1410146,16
1410165,16
1410167,16
1410155,16
1410147B,16
1410161,16
1410158,16
4391347,12
4391265,12
4393192,12
4391639,6
4393365,26
4391641,6
4393199,12
4393209,24
4394362,12
4391119,12
4394371,12
4394044,12
4393624,24
4391238,12
4391255,12
4393043,12
4393363,12
4393417,12
4393331,24
1670286,14
1670274,14
1670263,14
1670222,14
1670226,14
1670488,14
1670464,14
167225A,14
1670275,14
1670276,14
1670224,14
1670221,14
1050001,11
1050003,11
4530441,25
4530366,25
4530312,21
4530374,31
4530321,25
4530410,25
4530367,25
4530404,25
4530302,25
4530310,25
4530148,21
4530315,25
4530274,10
4530406,25
4530451,25
4530303,25
4530443,25
4530413,25
4530378,21
4530375,21
4530304,25
4530452,25
4530379,21
4530376,21
4530343,21
4530359,21
4530448,25
4530309,25
4530450,25
4650032,23
3970001,4
370010A,4
37006B,4
370011,4
37006A,4
37005C,4
4810102,14
3530002,11
3530014,11
3530009A,11
3530003,11
3530001,11
710013,14
390038,14
3610025,7
3610028,2
4910345,31
4910343,31
4910357,31
4910314,31
4910142A,31
4910370,31
4910367,31
4910168,31
50016,1
5016B,1
50031A,1
50015,1
50027,1
50038,1
50028,1
230003,13
230002,13
550301,25
850027,4
850175,4
850174,4
850041,4
970020,13
970003,13
970011,13
970019,13
970010,13
970012,13
2930301,17
2930104,17
2930102,17
2930101,17
2930402,17
2930105,17
2930405,17
2410003,1
2570013,5
2570035,5
2570002,5
2570036A,5
2570001,5
2570031,5
2570028,5
2670001,11
2670003,11
3190302,11
3270003,11
3710009,11
3730010,1
4050010,1
4050009,1
4130001,11
4130002,11
4410409,11
4410309,11
790404,3
4610003,11
4610004,11
475004M,11
4750002,11
475004E,11
475001EA,11
475004W,11
475001W,11
4950401,11
4950202,11
4970024,12
2030017,1
2030004,1
2030018A,1
2030005,1
2030014,1
170004A,19
170003,3
50031B,1
397001AC,4
1030001A,11
2010314,7
4870001A,13
2190045B,19
291082,20
292110,20
293059,21
293153,21
1810049B,4
3870002,4
2010551,10
2010874,2
3550092B,27
435301AB,11
3030096,19
3030130,19
3030135,19
3030137,19
4393580,24
4394622,12
4530272,21
370010B,4
3990004A,11
1134108B,24
2030018B,1
4810101B,14
475001EB,11
2090110B,25
2090224B,25
3070201B,11
2570036B,5
3250013B,23
3530009B,11
3670405B,12
3670405C,12
3670450B,12
3670455B,12
4170406B,19
4910142B,31
4770428B,10
2450103B,2
2450097B,2
2450097C,2
2450034B,2
2450046B,2
1410169,16
1410147A,16
3030002B,19
